Site,Latitude,Longitude,Date,Air_Temperature,Wind_Speed_at_3m,DHI,DHI_Uncertainty,DNI,DNI_Uncertainty,GHI,GHI_Uncertainty,Relative_Humidity,Relative_Humidity_Uncertainty,Barometric_Pressure,Barometric_Pressure_Uncertainty,power_out_kwh,power_out_farm_kwh
Duba - TVTC,27.34103,35.72295,2013-08-01,31.7,2.1,1450.2,117.8,8478.8,561.9,7454.3,468.4,56.1,3.0,1001.3,5.0,210.081,13025044.613
Duba - TVTC,27.34103,35.72295,2013-09-01,31.2,2.5,1500.8,227.2,7584.2,1056.5,6605.2,745.2,50.6,3.0,1004.2,5.0,297.402,18438933.311
Duba - TVTC,27.34103,35.72295,2013-10-01,27.6,2.2,1076.9,189.7,7772.4,1076.0,5662.9,719.9,49.1,3.0,1007.8,5.0,315.09,19535578.937
Duba - TVTC,27.34103,35.72295,2013-11-01,25.8,2.1,1192.5,216.3,6161.1,776.9,4447.3,562.9,43.0,3.0,1009.3,5.0,363.833,22557672.901
Duba - TVTC,27.34103,35.72295,2013-12-01,21.1,2.6,1204.7,124.8,5047.5,727.4,3611.0,411.2,39.2,3.0,1013.8,5.1,447.408,27739273.829
Duba - TVTC,27.34103,35.72295,2014-01-01,21.0,2.3,1040.9,108.0,6519.4,483.2,4288.5,278.0,42.2,3.0,1012.9,5.1,402.77,24971750.169
Duba - TVTC,27.34103,35.72295,2014-02-01,22.1,2.7,1107.5,126.7,7638.9,531.2,5385.1,345.0,38.5,3.0,1011.3,5.1,387.054,23997357.621
Duba - TVTC,27.34103,35.72295,2014-03-01,24.3,2.5,1930.4,171.9,5880.6,496.1,5843.8,394.4,42.6,3.0,1008.7,5.1,347.76,21561125.174
Duba - TVTC,27.34103,35.72295,2014-04-01,27.9,2.3,2452.8,217.8,6172.5,502.3,6903.0,444.6,41.1,3.0,1007.1,5.0,273.78,16974386.32
Duba - TVTC,27.34103,35.72295,2014-05-01,31.0,2.9,2113.6,213.7,7403.2,599.9,7544.3,496.8,33.6,3.0,1005.7,5.0,301.864,18715547.04
Duba - TVTC,27.34103,35.72295,2014-06-01,32.2,2.8,1917.2,233.1,8402.7,605.4,8067.5,498.5,41.2,3.0,1003.4,5.0,271.676,16843888.412
Duba - TVTC,27.34103,35.72295,2014-07-01,32.4,2.4,1503.5,114.1,8770.2,548.3,7855.8,468.6,52.8,3.0,1002.0,5.0,234.01,14508644.73
Duba - TVTC,27.34103,35.72295,2014-08-01,32.6,2.2,1534.7,147.9,8106.7,551.9,7309.7,458.1,52.4,3.0,1001.6,5.0,228.723,14180807.794
Duba - TVTC,27.34103,35.72295,2014-09-01,31.4,2.6,1224.0,101.0,8212.4,534.6,6679.7,409.9,52.1,3.0,1004.5,5.0,303.671,18827601.325
Duba - TVTC,27.34103,35.72295,2014-10-01,28.2,2.3,1291.5,148.6,6826.2,500.7,5312.9,355.6,49.0,3.0,1008.6,5.1,338.167,20966350.279
Duba - TVTC,27.34103,35.72295,2014-11-01,25.1,2.5,998.1,87.8,6965.2,477.4,4613.4,293.6,40.8,3.0,1011.3,5.1,391.762,24289227.823
Duba - TVTC,27.34103,35.72295,2014-12-01,23.7,2.3,1074.0,99.7,6092.8,451.6,4014.6,252.0,43.5,3.0,1013.1,5.1,405.578,25145841.622
Duba - TVTC,27.34103,35.72295,2015-01-01,19.5,2.3,1210.2,130.1,6188.2,506.9,4278.5,284.0,43.1,3.0,1015.4,5.1,407.872,25288086.736
Duba - TVTC,27.34103,35.72295,2015-02-01,21.0,2.4,1734.7,177.7,5323.6,513.0,4833.8,350.0,46.3,3.0,1011.1,5.1,388.642,24095825.139
Duba - TVTC,27.34103,35.72295,2015-03-01,24.8,2.7,1967.0,172.2,6072.6,510.9,5973.3,395.9,41.8,3.0,1009.4,5.1,358.025,22197553.576
Duba - TVTC,27.34103,35.72295,2015-04-01,25.5,2.9,2193.3,213.3,7355.4,558.8,7474.3,451.3,39.4,3.0,1009.4,5.1,321.346,19923462.005
Duba - TVTC,27.34103,35.72295,2015-05-01,29.9,2.5,2476.8,228.6,6998.4,533.6,7616.4,462.4,41.0,3.0,1005.7,5.0,263.249,16321443.398
Duba - TVTC,27.34103,35.72295,2015-06-01,30.6,2.6,2004.7,225.9,8290.3,576.7,8090.9,477.3,49.2,3.0,1004.1,5.0,254.887,15803013.586
Duba - TVTC,27.34103,35.72295,2015-07-01,31.6,2.1,1594.6,129.0,8621.1,559.2,7865.0,463.0,56.3,3.0,1002.1,5.0,191.915,11898715.562
Duba - TVTC,27.34103,35.72295,2015-08-01,34.9,2.6,2342.8,207.8,6288.5,456.2,7038.2,423.6,49.5,3.0,1001.8,5.0,279.696,17341142.649
Duba - TVTC,27.34103,35.72295,2015-09-01,32.8,2.4,1846.7,170.6,6632.6,528.5,6401.4,415.6,48.8,3.0,1004.6,5.0,290.02,17981222.737
Duba - TVTC,27.34103,35.72295,2015-10-01,30.3,1.9,1533.6,139.2,6219.0,482.4,5331.1,338.2,50.6,3.0,1007.8,5.0,284.743,17654081.792
Duba - TVTC,27.34103,35.72295,2015-11-01,26.1,2.4,1150.7,93.8,6224.8,443.8,4426.8,280.8,45.2,3.0,1010.3,5.1,388.715,24100355.573
Duba - TVTC,27.34103,35.72295,2015-12-01,20.8,2.9,944.0,102.9,6651.7,494.5,4067.8,257.9,35.7,3.0,1015.5,5.1,447.038,27716347.284
Duba - TVTC,27.34103,35.72295,2016-01-01,19.2,2.6,1175.1,135.2,6495.9,523.1,4390.5,298.8,39.4,3.0,1015.3,5.1,425.022,26351334.076
Duba - TVTC,27.34103,35.72295,2016-02-01,22.2,2.5,1144.8,127.1,7722.4,524.9,5492.1,354.7,38.3,3.0,1013.7,5.1,367.621,22792485.541
Duba - TVTC,27.34103,35.72295,2016-03-01,24.9,2.6,2052.3,204.6,5646.0,537.2,5774.0,413.0,41.8,3.0,1009.1,5.1,356.915,22128742.345
Duba - TVTC,27.34103,35.72295,2016-04-01,28.1,2.2,1941.5,212.2,7477.2,592.0,7230.4,457.4,40.2,3.0,1006.9,5.1,246.203,15264570.441
Duba - TVTC,27.34103,35.72295,2016-05-01,30.5,2.6,2103.2,210.7,7770.0,570.9,7834.5,480.3,41.0,3.0,1006.1,5.0,264.518,16400125.147
Duba - TVTC,27.34103,35.72295,2016-06-01,34.5,2.7,1992.9,199.8,8204.0,612.1,8077.6,497.2,38.5,3.0,1002.7,5.0,254.046,15750821.292
Duba - TVTC,27.34103,35.72295,2016-07-01,32.2,2.2,1431.0,112.0,8847.1,590.3,7826.5,498.3,60.6,3.0,1000.7,5.0,207.777,12882199.234
Duba - TVTC,27.34103,35.72295,2016-08-01,32.3,2.2,1908.9,180.9,7056.7,513.2,7013.3,439.1,60.9,3.0,1001.8,5.0,242.391,15028256.447
Duba - TVTC,27.34103,35.72295,2016-09-01,31.7,2.6,1409.1,138.7,7672.3,597.3,6561.0,542.0,52.5,3.0,1004.3,5.0,307.047,19036883.062
Duba - TVTC,27.34103,35.72295,2016-10-01,29.8,2.0,1308.6,95.9,6750.2,481.9,5395.1,354.4,46.9,3.0,1007.4,5.0,296.539,18385446.845
Duba - TVTC,27.34103,35.72295,2016-11-01,26.5,2.1,1344.3,107.7,5602.1,414.4,4353.7,282.6,36.5,3.0,1011.3,5.1,365.856,22683049.326
Duba - TVTC,27.34103,35.72295,2016-12-01,21.1,2.7,1170.0,128.0,5686.4,561.1,3889.6,383.0,38.1,3.0,1014.4,5.1,442.518,27436126.611
Duba - TVTC,27.34103,35.72295,2017-01-01,20.1,2.3,1299.0,347.5,5473.0,1531.0,4044.4,925.8,40.8,3.0,1013.4,5.1,415.613,25768015.627
Duba - TVTC,27.34103,35.72295,2017-02-01,19.9,2.5,1447.2,549.3,6666.4,1735.6,5226.7,1108.2,33.5,3.0,1014.0,5.1,384.845,23860398.769
Duba - TVTC,27.34103,35.72295,2017-03-01,22.7,2.3,1688.2,581.0,6797.4,1686.4,6089.8,1287.9,45.1,3.0,1008.9,5.1,323.452,20054018.759
Duba - TVTC,27.34103,35.72295,2017-04-01,27.3,2.7,2330.9,715.0,5691.7,1785.4,6394.9,1430.7,43.0,3.0,1007.8,5.1,335.452,20798011.678
Duba - TVTC,27.34103,35.72295,2017-05-01,30.0,2.3,1884.1,603.2,7278.6,1772.5,7236.6,1477.4,46.8,3.0,1006.3,5.0,253.507,15717463.299
Duba - TVTC,27.34103,35.72295,2017-06-01,32.8,2.8,1497.4,436.4,8077.4,1795.2,7382.0,1456.2,42.2,3.0,1002.4,5.0,292.932,18161784.541
Duba - TVTC,27.34103,35.72295,2017-09-01,31.5,2.2,1794.8,203.4,6679.9,506.5,6391.5,531.7,54.7,3.0,1004.5,5.0,271.599,16839159.15
Duba - TVTC,27.34103,35.72295,2017-10-01,27.8,2.2,1066.2,84.4,7652.5,508.6,5606.5,346.7,52.5,3.0,1008.1,5.0,316.887,19646982.889
Duba - TVTC,27.34103,35.72295,2017-11-01,24.9,2.3,1155.1,137.0,6349.7,493.8,4452.6,298.7,45.2,3.0,1010.5,5.1,383.831,23797521.162
Duba - TVTC,27.34103,35.72295,2018-03-01,25.3,2.2,1788.4,183.7,7121.2,566.8,6387.1,410.6,42.9,3.0,1008.7,5.0,291.179,18053120.306
Duba - TVTC,27.34103,35.72295,2018-04-01,26.3,2.3,2444.0,252.6,6393.4,539.6,7102.2,463.6,46.3,3.0,1006.2,5.0,270.601,16777261.479
Duba - TVTC,27.34103,35.72295,2018-05-01,31.4,2.6,2961.0,251.6,5579.1,549.4,7201.6,476.1,38.2,3.0,1004.4,5.0,284.704,17651656.163
Duba - TVTC,27.34103,35.72295,2018-06-01,32.3,2.5,2185.4,208.5,7673.3,557.0,7884.4,490.4,44.0,3.0,1002.5,5.0,245.614,15228046.476
Duba - TVTC,27.34103,35.72295,2018-07-01,31.2,2.0,1849.7,212.4,8097.8,636.0,7742.1,537.9,56.6,3.0,1001.7,5.0,181.278,11239233.274
Duba - TVTC,27.34103,35.72295,2018-08-01,31.7,2.1,1394.7,115.6,8415.6,549.0,7342.3,452.4,61.0,3.0,1001.8,5.0,215.121,13337488.369
Hagl - SWCC,29.28997,34.93002,2013-08-01,31.3,6.4,1313.3,95.4,8962.1,572.6,7622.2,468.5,47.0,3.0,978.8,5.0,434.203,26920616.926
Hagl - SWCC,29.28997,34.93002,2013-09-01,29.5,7.4,1367.6,117.4,7869.5,564.5,6581.1,413.7,51.7,3.0,1006.5,5.0,468.334,29036706.185
Hagl - SWCC,29.28997,34.93002,2013-10-01,25.9,7.7,1171.1,143.2,7317.4,860.4,5432.8,588.8,47.3,3.0,1009.9,5.1,496.958,30811422.234
Hagl - SWCC,29.28997,34.93002,2013-11-01,24.2,5.4,1386.1,225.0,5350.9,628.4,4173.9,525.4,48.9,3.0,1010.7,5.0,495.908,30746301.127
Hagl - SWCC,29.28997,34.93002,2013-12-01,18.3,6.0,1217.3,100.6,4725.5,465.0,3403.9,238.8,44.0,3.0,1015.9,5.1,533.79,33095005.928
Hagl - SWCC,29.28997,34.93002,2014-01-01,18.4,5.8,1201.0,102.5,5624.0,456.6,3926.3,262.2,50.3,3.0,1014.6,5.1,523.119,32433357.794
Hagl - SWCC,29.28997,34.93002,2014-02-01,19.3,6.6,1206.2,119.7,7051.1,521.7,5091.4,336.9,45.5,3.0,1013.5,5.1,511.377,31705367.945
Hagl - SWCC,29.28997,34.93002,2014-03-01,22.0,6.0,2047.4,201.2,5264.2,540.4,5518.5,424.4,48.3,3.0,1010.1,5.1,488.917,30312870.037
Hagl - SWCC,29.28997,34.93002,2014-04-01,25.3,6.0,2159.8,233.8,6599.9,550.2,6827.6,458.2,42.2,3.0,1008.8,5.1,457.98,28394777.823
Hagl - SWCC,29.28997,34.93002,2014-05-01,27.6,5.9,2203.2,221.9,7189.7,611.5,7453.4,483.8,43.6,3.0,1007.9,5.1,438.942,27214415.294
Hagl - SWCC,29.28997,34.93002,2014-06-01,29.3,6.8,1853.1,328.3,8637.5,708.6,8151.6,627.1,45.3,3.0,1005.7,5.0,439.722,27262766.529
Hagl - SWCC,29.28997,34.93002,2014-07-01,30.7,6.2,1353.8,106.9,9413.6,581.5,8120.9,482.3,47.6,3.0,1003.9,5.0,424.85,26340679.347
Hagl - SWCC,29.28997,34.93002,2014-08-01,31.5,5.9,1301.2,97.5,8789.3,563.2,7502.3,466.0,50.6,3.0,1003.1,5.0,425.961,26409610.158
Hagl - SWCC,29.28997,34.93002,2014-09-01,29.3,7.4,1247.1,124.8,8099.9,542.7,6590.8,413.4,54.5,3.0,1007.0,5.1,468.836,29067809.117
Hagl - SWCC,29.28997,34.93002,2014-10-01,26.5,6.6,1223.6,131.8,7001.4,490.6,5311.6,346.6,52.5,3.0,1010.5,5.1,485.706,30113758.153
Hagl - SWCC,29.28997,34.93002,2014-11-01,22.8,6.0,1138.0,106.6,6210.2,440.5,4278.4,277.9,48.3,3.0,1013.3,5.1,505.944,31368558.903
Hagl - SWCC,29.28997,34.93002,2014-12-01,20.7,5.9,1038.7,87.9,5591.5,435.0,3651.4,231.4,53.4,3.0,1015.0,5.1,521.412,32327538.483
Hagl - SWCC,29.28997,34.93002,2015-01-01,17.1,5.4,1231.7,110.0,5148.4,468.3,3745.9,261.4,49.8,3.0,1016.8,5.1,525.603,32587391.144
Hagl - SWCC,29.28997,34.93002,2015-02-01,18.6,6.1,1564.2,147.5,5549.5,515.0,4677.4,346.2,48.6,3.0,1012.3,5.1,514.004,31868272.354
Hagl - SWCC,29.28997,34.93002,2015-03-01,22.1,7.7,1782.6,160.0,6639.9,497.7,6064.0,379.6,47.5,3.0,1011.9,5.1,501.098,31068051.666
Hagl - SWCC,29.28997,34.93002,2015-04-01,23.4,6.7,1994.8,194.0,7507.0,562.8,7337.6,457.6,44.4,3.0,1011.3,5.1,467.964,29013763.003
Hagl - SWCC,29.28997,34.93002,2015-05-01,27.9,5.9,2109.5,228.1,7802.0,581.0,7826.4,472.5,44.6,3.0,1007.2,5.1,432.03,26785877.17
Hagl - SWCC,29.28997,34.93002,2015-06-01,28.6,6.7,1918.3,236.0,8542.5,607.4,8148.0,482.1,49.8,3.0,1006.3,5.0,440.272,27296834.437
Hagl - SWCC,29.28997,34.93002,2015-07-01,31.2,6.1,1475.3,114.6,9009.9,576.7,8003.1,471.7,48.2,3.0,1003.2,5.0,423.082,26231064.162
Hagl - SWCC,29.28997,34.93002,2015-08-01,32.4,6.8,1945.3,181.9,7243.9,525.8,7182.8,434.0,51.2,3.0,1004.0,5.0,443.488,27496282.627
Hagl - SWCC,29.28997,34.93002,2015-09-01,31.3,6.7,1933.4,203.4,5910.7,494.5,5902.3,403.2,53.1,3.0,1006.2,5.0,463.498,28736862.931
Hagl - SWCC,29.28997,34.93002,2015-10-01,28.3,6.3,1685.9,138.2,5294.6,418.7,4903.1,327.4,58.7,3.0,1009.1,5.1,482.582,29920070.583
Hagl - SWCC,29.28997,34.93002,2015-11-01,24.3,6.4,1433.4,141.4,5009.4,432.9,4011.6,268.0,51.3,3.0,1011.9,5.1,509.403,31582997.84
Hagl - SWCC,29.28997,34.93002,2015-12-01,18.3,7.0,905.4,74.3,6004.4,468.7,3662.5,239.0,46.9,3.0,1017.9,5.1,537.958,33353371.807
Hagl - SWCC,29.28997,34.93002,2016-01-01,16.9,6.2,1154.1,125.2,5823.5,472.0,3976.2,273.3,50.2,3.0,1017.3,5.1,531.176,32932930.14
Hagl - SWCC,29.28997,34.93002,2016-02-01,20.3,5.9,1125.4,133.4,6994.8,507.8,4953.1,336.0,48.8,3.0,1015.5,5.1,501.816,31112598.293
Hagl - SWCC,29.28997,34.93002,2016-03-01,22.4,6.5,1929.7,183.0,5859.4,523.9,5708.8,401.4,47.4,3.0,1011.0,5.1,491.585,30478268.448
Hagl - SWCC,29.28997,34.93002,2016-04-01,26.6,5.3,1984.3,205.6,7234.3,570.2,7115.7,461.5,44.1,3.0,1008.0,5.1,434.577,26943779.813
Hagl - SWCC,29.28997,34.93002,2016-05-01,27.8,6.7,2158.1,200.3,7600.8,602.2,7728.0,484.0,46.4,3.0,1008.0,5.1,448.697,27819200.757
Hagl - SWCC,29.28997,34.93002,2016-06-01,31.7,5.8,2036.6,204.1,8066.6,618.7,8031.3,487.4,43.6,3.0,1004.6,5.0,414.646,25708072.625
Hagl - SWCC,29.28997,34.93002,2016-07-01,31.7,6.4,1290.5,97.7,9244.5,588.9,7935.9,491.8,51.6,3.0,1002.1,5.0,428.321,26555903.527
Hagl - SWCC,29.28997,34.93002,2016-08-01,31.4,7.1,1687.2,158.1,7503.3,527.9,7073.0,435.3,57.6,3.0,1003.8,5.0,452.295,28042260.131
Hagl - SWCC,29.28997,34.93002,2016-09-01,29.5,8.5,1229.4,104.8,7929.5,539.0,6440.9,466.9,57.5,3.0,1006.8,5.1,480.767,29807572.671
Hagl - SWCC,29.28997,34.93002,2016-10-01,27.6,7.2,1314.4,102.8,6398.3,441.6,5108.5,338.8,56.9,3.0,1009.3,5.0,491.268,30458602.267
Hagl - SWCC,29.28997,34.93002,2016-11-01,23.8,6.7,1395.0,123.6,4874.1,404.8,3936.1,266.2,49.2,3.0,1013.2,5.1,514.684,31910389.42
Hagl - SWCC,29.28997,34.93002,2016-12-01,17.7,6.8,990.1,110.1,5312.7,685.8,3423.7,374.7,51.0,3.0,1017.2,5.1,541.698,33585296.804
Hagl - SWCC,29.28997,34.93002,2017-01-01,16.9,6.9,1209.4,377.4,4966.8,1407.7,3583.5,854.5,50.7,3.0,1015.9,5.1,542.702,33647497.334
Hagl - SWCC,29.28997,34.93002,2017-02-01,17.7,6.5,1326.0,449.3,6195.3,1653.5,4743.2,1052.2,45.7,3.0,1016.2,5.1,520.321,32259923.383
Hagl - SWCC,29.28997,34.93002,2017-03-01,21.3,6.1,1606.2,545.9,6199.7,1678.1,5558.3,1196.3,50.5,3.0,1010.3,5.1,491.915,30498715.168
Hagl - SWCC,29.28997,34.93002,2017-04-01,24.9,6.7,2098.2,676.9,6201.1,1830.3,6497.3,1427.8,47.1,3.0,1010.0,5.1,475.123,29457635.7
Hagl - SWCC,29.28997,34.93002,2017-05-01,27.9,6.1,1730.9,533.0,7562.2,1799.8,7248.7,1484.6,46.4,3.0,1008.0,5.0,445.088,27595479.471
Hagl - SWCC,29.28997,34.93002,2017-06-01,29.7,7.3,1297.0,381.3,8543.8,1864.0,7480.6,1480.6,49.7,3.0,1005.2,5.0,454.914,28204696.459
Hagl - SWCC,29.28997,34.93002,2017-09-01,29.5,7.6,1554.4,167.5,7044.8,538.6,6280.5,532.6,60.7,3.0,1006.9,5.1,474.283,29405524.122
Hagl - SWCC,29.28997,34.93002,2017-10-01,26.5,6.7,1177.5,102.5,7072.0,483.8,5308.3,333.8,57.8,3.0,1010.4,5.0,486.887,30187012.33
Hagl - SWCC,29.28997,34.93002,2017-11-01,22.7,6.9,1172.9,125.6,6017.5,469.8,4213.1,289.1,55.3,3.0,1012.8,5.0,515.94,31988266.47
Hagl - SWCC,29.28997,34.93002,2018-03-01,23.4,6.1,1877.6,198.8,6505.4,664.5,6067.1,422.7,43.1,3.0,1010.2,5.0,477.466,29602861.771
Hagl - SWCC,29.28997,34.93002,2018-04-01,24.8,5.9,2386.5,199.3,5939.1,598.3,6662.6,479.9,44.6,3.0,1008.0,5.0,460.364,28542577.952
Hagl - SWCC,29.28997,34.93002,2018-05-01,29.3,4.9,2875.1,223.1,5215.4,525.8,6864.1,472.2,42.7,3.0,1005.5,5.0,420.628,26078963.838
Hagl - SWCC,29.28997,34.93002,2018-06-01,30.3,6.8,1845.1,195.8,8272.2,636.4,7953.3,514.2,46.0,3.0,1004.5,5.0,439.35,27239695.085
Hagl - SWCC,29.28997,34.93002,2018-07-01,31.4,5.3,1649.4,171.8,8439.4,666.0,7799.3,561.5,47.3,3.0,1002.7,5.0,407.377,25257397.067
Hagl - SWCC,29.28997,34.93002,2018-08-01,31.2,7.0,1215.1,88.3,8765.8,607.8,7365.1,466.3,52.4,3.0,1003.6,5.0,447.632,27753210.838
Tabuk - University,28.38287,36.483959999999996,2013-10-01,23.0,2.5,1059.7,113.8,8163.6,730.0,5841.3,506.8,28.3,3.0,926.7,4.6,351.92,21819067.022
Tabuk - University,28.38287,36.483959999999996,2013-11-01,19.4,2.3,1498.6,127.1,5304.2,450.5,4269.3,275.5,43.0,3.0,927.2,4.6,408.563,25330911.058
Tabuk - University,28.38287,36.483959999999996,2013-12-01,12.4,2.2,1212.6,123.5,5450.9,478.5,3754.8,264.4,42.3,3.0,930.2,4.7,444.581,27564044.911
Tabuk - University,28.38287,36.483959999999996,2014-01-01,13.1,2.0,1169.9,105.3,5982.6,458.7,4098.9,280.9,47.4,3.0,929.4,4.7,410.009,25420528.078
Tabuk - University,28.38287,36.483959999999996,2014-02-01,14.6,2.4,1214.4,126.2,7537.7,546.1,5381.5,357.5,36.7,3.0,928.2,4.7,387.096,23999934.198
Tabuk - University,28.38287,36.483959999999996,2014-03-01,19.4,2.768229473004645,2068.7,174.5,5911.4,520.6,5972.5,412.8,34.5,3.0,925.6,4.6,380.094,23565805.956
Tabuk - University,28.38287,36.483959999999996,2014-04-01,24.8,2.558801540871521,2537.8,244.3,6654.4,541.3,7227.9,464.2,22.3,3.0,925.4,4.6,300.161,18609991.433
Tabuk - University,28.38287,36.483959999999996,2014-05-01,27.2,2.514554117624545,2245.9,217.5,7889.3,602.4,7958.4,499.8,22.7,3.0,925.0,4.6,260.508,16151523.598
Tabuk - University,28.38287,36.483959999999996,2014-06-01,30.4,2.3913928488568352,2005.2,263.2,8835.1,632.2,8437.0,511.8,21.8,3.0,923.5,4.6,216.188,13403651.686
Tabuk - University,28.38287,36.483959999999996,2014-07-01,32.0,2.4871728362257493,1469.6,109.7,9479.4,604.8,8297.1,503.2,22.3,3.0,922.0,4.6,229.336,14218855.041
Tabuk - University,28.38287,36.483959999999996,2014-08-01,32.4,2.454650228329271,1557.0,165.2,8765.5,565.4,7722.0,478.7,23.4,3.0,921.6,4.6,246.047,15254902.676
Tabuk - University,28.38287,36.483959999999996,2014-09-01,28.9,2.247867177749402,1286.3,106.4,8502.8,532.4,6886.7,419.2,31.7,3.0,924.5,4.6,264.761,16415178.499
Tabuk - University,28.38287,36.483959999999996,2014-10-01,24.1,2.1912611702073264,1385.5,145.5,6934.5,521.4,5443.2,359.0,32.6,3.0,927.1,4.6,334.54,20741493.741
Tabuk - University,28.38287,36.483959999999996,2014-11-01,17.9,1.9915474699716817,1113.2,106.7,6953.2,477.0,4621.9,295.2,36.7,3.0,929.1,4.7,369.36,22900348.123
Tabuk - University,28.38287,36.483959999999996,2014-12-01,15.5,2.1,1113.1,56.3,5829.1,237.7,3866.8,137.9,48.6,3.0,930.3,4.6,422.167,26174357.221
Tabuk - University,28.38287,36.483959999999996,2015-01-01,13.0,2.6,1366.1,79.8,5726.7,320.0,4122.9,178.2,37.0,3.5,930.0,5.4,454.138,28156534.954
Tabuk - University,28.38287,36.483959999999996,2015-02-01,15.0,3.2,1698.0,99.3,5806.3,238.1,4984.0,186.0,33.8,3.0,926.7,4.6,450.55,27934099.034
Tabuk - University,28.38287,36.483959999999996,2015-03-01,19.2,2.9,2010.6,90.6,6476.0,229.3,6209.4,194.5,28.4,3.0,927.3,4.7,382.263,23700335.315
Tabuk - University,28.38287,36.483959999999996,2015-04-01,21.5,3.0,2040.8,103.5,7860.1,398.0,7635.8,416.3,20.6,3.0,926.6,4.7,336.888,20887027.772
Tabuk - University,28.38287,36.483959999999996,2015-05-01,27.5,3.3,2282.4,106.0,7746.8,343.9,7907.8,285.5,17.0,3.0,924.5,4.6,332.197,20596242.05
Tabuk - University,28.38287,36.483959999999996,2015-06-01,29.1,3.0,1888.0,81.9,9052.3,269.1,8489.5,226.4,21.9,3.0,923.4,4.6,286.229,17746225.978
Tabuk - University,28.38287,36.483959999999996,2015-07-01,31.7,3.0,1663.1,54.0,9139.8,253.2,8297.2,222.9,18.9,3.0,921.6,4.6,284.154,17617577.261
Tabuk - University,28.38287,36.483959999999996,2015-08-01,33.5,3.0,2283.5,85.8,6648.6,231.7,7182.0,208.1,19.4,3.0,922.9,4.6,313.65,19446271.505
Tabuk - University,28.38287,36.483959999999996,2015-09-01,30.3,2.7,2039.3,106.4,6311.2,253.3,6326.9,205.6,23.1,3.0,924.9,4.6,328.449,20363823.346
Tabuk - University,28.38287,36.483959999999996,2015-10-01,25.9,2.4,1586.5,70.3,6286.8,260.4,5370.2,204.2,33.8,3.0,926.8,4.6,352.199,21836329.539
Tabuk - University,28.38287,36.483959999999996,2015-11-01,18.1,2.2,1379.3,68.2,5253.8,303.0,4131.8,190.5,49.7,3.0,928.4,4.7,410.562,25454852.51
Tabuk - University,28.38287,36.483959999999996,2015-12-01,10.8,1.9,1057.7,53.5,6142.1,448.6,3902.6,269.9,44.7,3.0,932.1,4.7,416.772,25839866.653
Tabuk - University,28.38287,36.483959999999996,2016-01-01,10.8,2.0,1106.2,60.9,6682.5,412.0,4352.4,254.4,38.0,3.0,930.8,4.7,405.225,25123979.899
Tabuk - University,28.38287,36.483959999999996,2016-02-01,15.1,2.3,1089.7,51.5,7844.2,266.6,5446.4,177.0,30.2,3.0,930.5,4.7,373.654,23166539.3
Tabuk - University,28.38287,36.483959999999996,2016-03-01,19.3,2.8,2056.0,93.4,5945.0,241.2,5922.6,190.2,29.4,3.0,926.6,4.7,384.403,23833015.306
Tabuk - University,28.38287,36.483959999999996,2016-04-01,24.4,2.8,1945.2,103.7,7706.2,269.9,7356.2,227.3,18.7,3.0,925.2,4.6,320.074,19844612.186
Tabuk - University,28.38287,36.483959999999996,2016-05-01,27.3,3.0,2059.7,102.7,8255.7,269.3,8055.9,232.9,17.5,3.0,925.0,4.6,305.516,18941987.284
Tabuk - University,28.38287,36.483959999999996,2016-06-01,31.7,2.9,1854.0,76.6,8912.3,282.7,8437.0,242.0,16.1,3.0,923.3,4.6,270.588,16776457.124
Tabuk - University,28.38287,36.483959999999996,2016-07-01,31.8,3.1,1389.3,49.7,9640.7,280.4,8322.8,232.3,22.6,3.0,920.6,4.6,291.491,18072470.802
Tabuk - University,28.38287,36.483959999999996,2016-08-01,32.3,3.1,1934.1,76.2,7611.5,244.5,7420.2,201.1,24.6,3.0,922.0,4.6,317.439,19681231.729
Tabuk - University,28.38287,36.483959999999996,2016-09-01,28.8,3.0,1412.0,71.2,8157.8,381.3,6833.7,320.0,26.8,3.0,924.6,4.6,339.319,21037801.412
Tabuk - University,28.38287,36.483959999999996,2016-10-01,24.6,2.5,1342.1,52.7,6956.8,224.4,5486.8,165.0,27.4,3.0,926.9,4.6,360.315,22339520.207
Tabuk - University,28.38287,36.483959999999996,2016-11-01,17.9,2.1,1471.1,88.0,5267.0,331.5,4239.6,263.9,29.8,3.0,929.9,4.7,397.887,24668980.891
Tabuk - University,28.38287,36.483959999999996,2016-12-01,12.2,2.1946877918682723,1196.3,150.7,5999.4,691.2,3993.0,386.0,41.6,3.0,930.7,4.7,434.561,26942794.01
Tabuk - University,28.38287,36.483959999999996,2017-01-01,11.2,2.1,1282.3,368.7,5592.6,1493.8,4028.6,910.3,36.7,3.0,929.7,4.7,428.336,26556802.326
Tabuk - University,28.38287,36.483959999999996,2017-02-01,11.5,2.3,1318.5,395.4,6873.2,1618.0,5199.5,1076.7,26.5,3.0,930.0,4.7,395.056,24493494.721
Tabuk - University,28.38287,36.483959999999996,2017-03-01,17.7,2.6,1617.6,495.0,7280.9,1677.6,6312.4,1284.9,25.8,3.0,925.4,4.6,359.867,22311774.3
Tabuk - University,28.38287,36.483959999999996,2017-04-01,23.1,0.4,2492.4,751.0,6099.6,1840.7,6791.0,1443.9,21.2,2.9,926.3,4.6,-1031.804,-63971875.999
Tabuk - University,28.38287,36.483959999999996,2017-05-01,27.5,0.0,1894.8,652.0,7888.3,1834.3,7630.7,1514.5,17.3,3.0,925.1,4.6,NULL,NULL
Tabuk - University,28.38287,36.483959999999996,2017-06-01,27.299050632911385,4.198182815043236,2016.4355555555558,210.94825396825382,6120.162539682542,584.3730158730162,6101.853724247233,535.5805071315365,48.52832278481013,3.0017405063291136,985.0721518987332,4.9332278481012635,421.915,26158736.522
Tabuk - University,28.38287,36.483959999999996,2017-09-01,29.9,2.8,1888.1,478.5,6915.3,1627.1,6626.0,1321.2,22.4,3.0,924.5,4.6,327.514,20305871.229
Tabuk - University,28.38287,36.483959999999996,2017-10-01,25.2,3.005271237491577,1743.9,462.0,5381.4,1502.9,4961.0,1158.3,24.3,3.0,961.5,4.6,409.836,25409829.966
Tabuk - University,28.38287,36.483959999999996,2017-11-01,17.5,2.0,1375.6,149.2,5824.3,582.3,4388.9,431.4,39.6,3.0,928.5,4.7,382.546,23717865.834
Tabuk - University,28.38287,36.483959999999996,2018-03-01,21.9,2.5,1814.9,697.0,7139.4,1837.3,6380.9,1321.9,18.7,3.0,926.5,4.6,334.966,20767908.59
Tabuk - University,28.38287,36.483959999999996,2018-04-01,22.4,2.5,2347.1,674.3,6530.4,1909.3,7043.3,1551.4,24.7,3.0,924.4,4.6,308.367,19118732.811
Tabuk - University,28.38287,36.483959999999996,2018-05-01,28.1,3.1,2752.3,139.4,6270.7,311.8,7448.6,301.5,18.8,3.0,923.8,4.6,329.709,20441985.659
Tabuk - University,28.38287,36.483959999999996,2018-06-01,30.6,2.9,2058.5,577.9,8506.7,1896.9,8333.0,1619.6,19.4,3.0,922.6,4.6,277.417,17199850.061
Tabuk - University,28.38287,36.483959999999996,2018-07-01,31.6,2.8,1839.3,665.8,8659.4,1923.9,8157.9,1597.6,19.7,3.0,921.0,4.6,270.502,16771094.597
Tabuk - University,28.38287,36.483959999999996,2018-08-01,31.0,2.8,1266.2,71.8,9316.7,549.2,7802.0,464.1,23.9,3.4,922.0,5.2,284.388,17632075.209
Umluj - SWCC,25.00411,37.27382,2013-09-01,30.9,3.6,1983.6,209.2,6511.8,838.7,6578.9,671.9,64.0,3.0,1006.0,5.0,375.312,23269339.804
Umluj - SWCC,25.00411,37.27382,2013-10-01,28.3,3.1,1424.4,162.1,6700.5,897.6,5616.3,717.1,61.3,3.0,1009.4,5.1,384.933,23865848.897
Umluj - SWCC,25.00411,37.27382,2013-11-01,26.6,2.7,1145.0,186.7,6439.8,699.4,4626.0,499.3,54.4,3.0,1011.1,5.0,399.545,24771816.731
Umluj - SWCC,25.00411,37.27382,2013-12-01,23.2,3.4,1148.1,152.7,5884.3,609.3,4103.1,368.9,46.7,3.0,1015.3,5.1,458.042,28398581.137
Umluj - SWCC,25.00411,37.27382,2014-01-01,22.5,3.1,1215.3,137.2,6137.0,525.7,4433.0,305.6,50.7,3.0,1014.4,5.1,439.14,27226706.844
Umluj - SWCC,25.00411,37.27382,2014-02-01,23.2,3.6,1366.8,128.5,6968.9,524.7,5496.7,347.3,50.9,3.0,1012.7,5.1,427.799,26523526.136
Umluj - SWCC,25.00411,37.27382,2014-03-01,24.8,3.1,2207.7,191.7,5666.9,507.6,6127.1,456.9,54.9,3.0,1010.8,5.1,380.31,23579235.295
Umluj - SWCC,25.00411,37.27382,2014-04-01,27.8,3.0,2538.7,227.5,5531.9,511.4,6636.1,455.5,58.3,3.0,1009.2,5.1,348.671,21617579.855
Umluj - SWCC,25.00411,37.27382,2014-05-01,29.4,3.3,2584.7,232.0,6076.2,609.8,7165.3,530.2,56.7,3.0,1007.8,5.1,347.515,21545934.372
Umluj - SWCC,25.00411,37.27382,2014-06-01,31.1,3.5,2233.1,261.7,7430.8,579.0,7803.3,503.2,57.8,3.0,1005.3,5.0,336.698,20875266.496
Umluj - SWCC,25.00411,37.27382,2014-07-01,31.8,3.0,1702.8,157.5,8153.0,592.0,7716.6,520.6,64.8,3.0,1004.7,5.0,302.128,18731966.498
Umluj - SWCC,25.00411,37.27382,2014-08-01,32.8,3.2,2110.6,200.5,6617.6,588.1,7028.5,508.1,60.7,3.0,1004.1,5.0,334.509,20739576.288
Umluj - SWCC,25.00411,37.27382,2014-09-01,30.4,3.4,1759.9,143.3,6735.4,476.0,6479.2,388.3,66.5,3.0,1006.4,5.0,369.489,22908321.766
Umluj - SWCC,25.00411,37.27382,2014-10-01,28.4,3.5,1634.4,163.7,6009.3,454.2,5393.6,329.9,60.5,3.0,1010.6,5.1,410.197,25432194.505
Umluj - SWCC,25.00411,37.27382,2014-11-01,26.0,3.0,1120.2,111.3,6547.0,479.8,4683.2,302.2,52.8,3.0,1013.0,5.1,415.81,25780189.896
Umluj - SWCC,25.00411,37.27382,2014-12-01,25.0,2.9,1289.7,122.6,5246.7,453.4,3975.9,253.4,55.8,3.0,1014.6,5.1,436.896,27087571.734
Umluj - SWCC,25.00411,37.27382,2015-01-01,21.2,3.2,1258.7,117.0,6051.0,566.0,4414.5,340.2,48.9,3.0,1017.0,5.1,447.975,27774452.48
Umluj - SWCC,25.00411,37.27382,2015-02-01,22.6,3.2,1981.3,175.9,5042.1,449.1,5037.2,344.2,59.1,3.0,1013.0,5.1,425.209,26362985.374
Umluj - SWCC,25.00411,37.27382,2015-03-01,24.5,3.5,2205.0,180.7,5739.8,492.6,6099.5,398.6,62.4,3.0,1011.5,5.1,403.337,25006905.55
Umluj - SWCC,25.00411,37.27382,2015-04-01,24.9,3.6,2659.0,269.1,6300.2,551.6,7239.9,449.9,57.8,3.0,1011.5,5.1,376.728,23357149.518
Umluj - SWCC,25.00411,37.27382,2015-05-01,29.0,2.9,2644.5,234.0,5919.9,512.3,7134.2,456.4,58.6,3.0,1008.1,5.1,321.481,19931815.162
Umluj - SWCC,25.00411,37.27382,2015-06-01,29.4,3.4,2325.9,223.1,7445.8,569.3,7873.1,474.5,63.3,3.0,1006.2,5.0,333.879,20700493.107
Umluj - SWCC,25.00411,37.27382,2015-07-01,31.5,3.0,1713.2,167.3,8311.9,552.0,7826.4,459.9,63.6,3.0,1004.6,5.0,299.608,18575725.092
Umluj - SWCC,25.00411,37.27382,2015-08-01,33.7,3.3,2928.0,226.1,4704.7,425.2,6527.9,422.6,64.0,3.0,1004.7,5.0,352.317,21843663.091
Umluj - SWCC,25.00411,37.27382,2015-09-01,31.8,3.2,2324.1,173.5,5445.5,420.8,6259.1,394.6,65.0,3.0,1009.4,5.1,360.356,22342046.608
Umluj - SWCC,25.00411,37.27382,2015-10-01,30.4,2.8,1848.6,155.3,5504.2,494.6,5344.1,340.4,62.3,3.0,1010.2,5.1,369.209,22890980.646
Umluj - SWCC,25.00411,37.27382,2015-11-01,26.9,3.3,1229.1,121.0,6287.6,458.5,4675.2,300.4,56.9,3.0,1011.7,5.1,426.633,26451256.949
Umluj - SWCC,25.00411,37.27382,2015-12-01,22.2,3.7,1095.7,90.2,6138.3,478.4,4188.2,269.3,46.9,3.0,1016.8,5.1,468.242,29030976.115
Umluj - SWCC,25.00411,37.27382,2016-01-01,20.7,3.3,1491.7,145.2,5658.4,475.2,4483.7,302.0,51.0,3.0,1016.8,5.1,451.507,27993461.572
Umluj - SWCC,25.00411,37.27382,2016-02-01,22.9,3.1,1433.6,141.1,6989.6,505.5,5583.6,354.4,53.1,3.0,1015.3,5.0,402.819,24974760.919
Umluj - SWCC,25.00411,37.27382,2016-03-01,25.3,3.4,2496.5,203.9,4759.3,517.8,5733.2,402.7,58.2,3.0,1010.8,5.1,406.172,25182649.255
Umluj - SWCC,25.00411,37.27382,2016-04-01,28.1,2.8,2095.6,219.6,7093.6,559.8,7214.3,456.4,54.5,3.0,1009.4,5.1,313.291,19424034.995
Umluj - SWCC,25.00411,37.27382,2016-05-01,29.7,3.2,2111.6,182.2,7681.8,556.2,7835.1,475.6,59.0,3.0,1007.9,5.0,320.388,19864035.657
Umluj - SWCC,25.00411,37.27382,2016-06-01,32.5,3.0,2249.4,186.4,7555.0,578.0,7912.4,482.4,58.9,3.0,1004.5,5.0,293.772,18213876.168
Umluj - SWCC,25.00411,37.27382,2016-07-01,32.2,3.0,1844.6,157.4,7836.3,567.1,7648.3,480.6,67.6,3.0,1003.3,5.0,303.029,18787776.763
Umluj - SWCC,25.00411,37.27382,2016-08-01,32.0,3.3,2333.3,179.1,6057.7,479.2,6863.2,429.2,68.2,3.0,1004.4,5.0,348.033,21578069.922
Umluj - SWCC,25.00411,37.27382,2016-09-01,30.8,3.3,2052.1,173.5,6100.5,466.9,6385.0,462.9,68.4,3.0,1006.1,5.0,365.479,22659686.294
Umluj - SWCC,25.00411,37.27382,2016-10-01,29.7,2.6,1782.8,140.7,5517.6,402.4,5307.7,349.1,66.1,3.0,1009.2,5.1,358.849,22248639.632
Umluj - SWCC,25.00411,37.27382,2016-11-01,27.2,2.7,1263.8,120.1,6244.0,467.1,4710.3,307.6,50.3,3.0,1013.3,5.1,394.719,24472560.706
Umluj - SWCC,25.00411,37.27382,2016-12-01,22.7,3.2,1328.2,161.9,5573.5,671.3,4151.3,419.4,48.9,3.0,1016.2,5.1,451.055,27965433.725
Umluj - SWCC,25.00411,37.27382,2017-01-01,21.5,3.1,1233.7,380.1,6085.1,1463.4,4448.2,958.8,58.2,3.0,1015.2,5.1,441.805,27391892.582
Umluj - SWCC,25.00411,37.27382,2017-02-01,21.2,3.5,1716.4,520.0,5960.5,1636.9,5284.5,1144.8,46.3,3.0,1015.4,5.1,435.661,27010961.641
Umluj - SWCC,25.00411,37.27382,2017-03-01,23.1,3.3,2006.1,631.4,6196.2,1632.3,6148.7,1316.6,61.4,3.0,1010.9,5.1,396.327,24572287.664
Umluj - SWCC,25.00411,37.27382,2017-04-01,27.0,3.6,2766.8,778.3,4908.7,1746.6,6404.3,1478.5,57.2,3.0,1009.5,5.1,392.092,24309718.926
Umluj - SWCC,25.00411,37.27382,2017-05-01,29.3,2.9,2419.5,647.7,6147.7,1710.7,7035.7,1481.6,61.5,3.0,1008.2,5.0,323.752,20072622.923
Umluj - SWCC,25.00411,37.27382,2017-06-01,30.5,3.1,2041.9,153.4,7201.9,532.0,7460.0,458.8,65.7,3.0,1004.4,5.0,321.856,19955057.184
Umluj - SWCC,25.00411,37.27382,2017-09-01,30.6,3.1,2512.2,284.1,5045.0,400.6,6164.3,484.2,69.0,3.0,1006.3,5.0,361.036,22384255.098
Umluj - SWCC,25.00411,37.27382,2017-10-01,28.0,3.3,1424.7,120.4,6765.1,459.9,5632.0,374.3,65.7,3.0,1010.5,5.0,395.797,24539397.633
Umluj - SWCC,25.00411,37.27382,2017-11-01,26.0,2.8,1284.1,119.1,5939.8,453.4,4545.7,320.9,59.8,3.0,1012.2,5.1,409.914,25414644.651
Umluj - SWCC,25.00411,37.27382,2018-03-01,25.9,2.4,1836.6,175.7,6863.6,561.4,6422.2,419.7,55.8,3.0,1010.6,5.1,310.781,19268432.426
Umluj - SWCC,25.00411,37.27382,2018-04-01,26.9,2.4,2349.4,203.5,6564.8,520.3,7208.7,456.0,58.2,3.0,1008.6,5.1,276.689,17154701.602
Umluj - SWCC,25.00411,37.27382,2018-05-01,31.4,2.8,3193.0,256.0,4945.1,505.7,7035.2,465.6,51.6,3.0,1006.2,5.0,309.014,19158853.937
Umluj - SWCC,25.00411,37.27382,2018-06-01,31.7,2.7,2406.9,218.3,6873.3,549.9,7620.7,493.9,59.8,3.0,1004.3,5.0,278.792,17285128.427
Umluj - SWCC,25.00411,37.27382,2018-07-01,32.4,2.2,2274.3,236.8,6839.9,616.5,7427.1,544.1,59.9,3.0,1003.7,5.0,224.306,13906968.595
Umluj - SWCC,25.00411,37.27382,2018-08-01,32.3,2.3,1768.9,154.0,7281.4,527.9,7125.3,450.6,67.8,3.0,1004.4,5.0,250.886,15554961.132
Timaa - TVTC,27.6173,38.5252,2013-08-01,32.7,2.4,1607.8,183.6,8545.2,637.4,7723.5,599.7,19.3,3.0,912.9,4.5,238.281,14773411.521
Timaa - TVTC,27.6173,38.5252,2013-09-01,30.4,2.0,1585.5,141.2,7797.7,570.8,6826.0,446.1,20.3,3.0,916.3,4.6,227.061,14077765.263
Timaa - TVTC,27.6173,38.5252,2013-10-01,24.0,2.1,1325.1,137.8,7369.7,521.0,5728.7,363.5,24.0,3.0,918.7,4.6,311.807,19332020.309
Timaa - TVTC,27.6173,38.5252,2013-11-01,19.5,2.0,1394.1,168.0,5692.1,641.8,4376.6,398.4,45.5,3.0,919.6,4.6,376.872,23366073.693
Timaa - TVTC,27.6173,38.5252,2013-12-01,13.3,2.4,1307.0,134.1,5541.8,500.1,3928.3,276.2,41.9,3.0,922.4,4.6,448.375,27799230.734
Timaa - TVTC,27.6173,38.5252,2014-01-01,13.1,1.9,1216.0,151.2,5800.4,591.5,4097.6,356.3,52.7,3.0,921.5,4.6,399.881,24792624.046
Timaa - TVTC,27.6173,38.5252,2014-02-01,14.6,2.3,1193.3,157.6,7845.1,578.8,5517.7,395.7,37.1,3.0,920.4,4.6,372.288,23081886.57
Timaa - TVTC,27.6173,38.5252,2014-03-01,19.7,2.9,2219.8,195.8,5729.7,551.4,5975.0,471.6,35.1,3.0,917.9,4.6,388.337,24076894.01
Timaa - TVTC,27.6173,38.5252,2014-04-01,25.7,2.9,2631.4,221.0,6093.5,532.8,7055.1,468.3,22.3,3.0,917.6,4.6,334.379,20731510.24
Timaa - TVTC,27.6173,38.5252,2014-05-01,28.1,2.7,2363.7,251.1,7439.1,592.9,7826.3,495.9,18.0,3.0,917.0,4.6,282.857,17537105.636
Timaa - TVTC,27.6173,38.5252,2014-06-01,31.4,2.4,2189.3,202.7,8424.6,601.2,8431.5,500.2,15.4,3.0,915.4,4.6,214.472,13297290.527
Timaa - TVTC,27.6173,38.5252,2014-07-01,32.8,2.5,1574.2,110.4,9258.0,581.6,8281.1,499.0,17.8,3.0,913.9,4.6,229.056,14201492.991
Timaa - TVTC,27.6173,38.5252,2014-08-01,33.8,2.4,1809.4,162.1,8143.3,554.5,7658.0,478.2,17.6,3.0,913.6,4.6,237.419,14719993.402
Timaa - TVTC,27.6173,38.5252,2014-09-01,30.2,2.3,1524.8,119.4,8018.5,529.5,6886.8,411.8,23.1,3.0,916.2,4.6,267.253,16569655.34
Timaa - TVTC,27.6173,38.5252,2014-10-01,25.9,2.1,1616.2,163.8,6482.4,498.4,5478.9,356.4,25.4,3.0,919.0,4.6,317.104,19660451.7
Timaa - TVTC,27.6173,38.5252,2014-11-01,18.4,2.2,1094.3,98.4,7076.5,504.9,4759.9,307.5,35.4,3.0,921.2,4.6,382.647,23724128.911
Timaa - TVTC,27.6173,38.5252,2014-12-01,16.7,2.1,1219.1,103.3,5831.3,469.8,4007.3,254.3,47.1,3.0,922.6,4.6,412.092,25549715.202
Timaa - TVTC,27.6173,38.5252,2015-01-01,12.9,2.1,1267.5,126.2,6585.2,521.6,4497.8,286.7,36.5,3.0,922.6,4.6,401.907,24918238.476
Timaa - TVTC,27.6173,38.5252,2015-02-01,16.4,2.5,1832.0,164.0,5869.9,527.9,5180.1,352.5,32.2,3.0,918.9,4.6,397.553,24648284.281
Timaa - TVTC,27.6173,38.5252,2015-03-01,20.2,2.8,2365.6,191.7,6015.5,504.4,6358.0,402.1,28.0,3.0,919.3,4.6,366.896,22747527.117
Timaa - TVTC,27.6173,38.5252,2015-04-01,23.3,2.9,2871.2,288.9,6728.4,589.9,7703.8,468.3,18.8,3.0,918.5,4.6,320.749,19886449.54
Timaa - TVTC,27.6173,38.5252,2015-05-01,29.1,3.0,2721.3,246.5,7109.6,569.9,7988.0,489.4,15.4,3.0,916.7,4.6,302.025,18725541.873
Timaa - TVTC,27.6173,38.5252,2015-06-01,31.1,2.5,2220.6,220.2,8537.2,599.4,8528.7,501.1,17.7,3.0,915.2,4.6,225.015,13950932.627
Timaa - TVTC,27.6173,38.5252,2015-07-01,33.7,2.4,1885.9,162.9,8888.3,594.9,8380.2,495.8,15.3,3.0,913.4,4.6,209.299,12976518.192
Timaa - TVTC,27.6173,38.5252,2015-08-01,35.8,2.4,2650.1,238.6,6389.2,526.5,7397.3,453.3,14.8,3.0,914.9,4.6,241.428,14968532.646
Timaa - TVTC,27.6173,38.5252,2015-09-01,33.1,2.2,2373.1,227.2,6076.6,540.0,6595.7,433.7,17.0,3.0,916.6,4.6,257.825,15985143.852
Timaa - TVTC,27.6173,38.5252,2015-10-01,27.4,2.0,1585.6,121.4,6328.7,487.7,5453.2,361.1,31.4,3.0,919.1,4.6,301.301,18680647.611
Timaa - TVTC,27.6173,38.5252,2015-11-01,19.6,1.7,1384.5,123.6,5828.4,482.6,4443.5,299.1,49.5,3.0,920.5,4.6,336.352,20853829.474
Timaa - TVTC,27.6173,38.5252,2015-12-01,11.6,2.1,1197.3,109.3,5759.4,490.0,3908.9,265.1,49.1,3.0,923.9,4.6,432.47,26813162.427
Timaa - TVTC,27.6173,38.5252,2016-01-01,12.2,1.9,1299.0,146.2,6542.2,493.5,4514.6,312.6,42.3,3.0,922.7,4.6,381.958,23681396.247
Timaa - TVTC,27.6173,38.5252,2016-02-01,16.2,2.2,1190.5,117.2,7976.8,544.7,5675.1,366.3,32.4,3.0,922.5,4.6,350.22,21713670.512
Timaa - TVTC,27.6173,38.5252,2016-03-01,20.4,2.6,2303.8,210.1,5564.4,544.9,5978.2,424.6,33.3,3.0,918.8,4.6,363.568,22541235.698
Timaa - TVTC,27.6173,38.5252,2016-04-01,25.2,2.6,2068.8,246.1,7608.9,612.2,7416.0,478.5,22.2,3.0,917.4,4.6,296.303,18370814.564
Timaa - TVTC,27.6173,38.5252,2016-05-01,29.2,2.8,2236.7,213.6,8277.1,610.6,8294.1,504.9,17.6,3.0,917.1,4.6,273.412,16951514.127
Timaa - TVTC,27.6173,38.5252,2016-06-01,33.4,2.5,2175.5,177.5,8594.2,635.1,8543.4,517.8,14.2,3.0,915.2,4.6,217.266,13470491.77
Timaa - TVTC,27.6173,38.5252,2016-07-01,34.2,2.6,1566.0,117.9,9367.8,602.8,8335.9,511.0,18.8,3.0,912.4,4.6,234.724,14552902.087
Timaa - TVTC,27.6173,38.5252,2016-08-01,35.3,2.3,2052.9,168.1,7524.4,542.5,7546.7,461.3,17.1,3.0,913.7,4.6,224.192,13899883.732
Timaa - TVTC,27.6173,38.5252,2016-09-01,31.7,2.2,1732.7,144.4,7630.9,561.0,6895.0,498.9,19.2,3.0,916.2,4.6,249.349,15459620.556
Timaa - TVTC,27.6173,38.5252,2016-10-01,27.0,1.9,1603.9,131.0,6554.7,476.1,5603.9,367.8,19.8,3.0,918.8,4.6,281.498,17452854.652
Timaa - TVTC,27.6173,38.5252,2016-11-01,19.3,2.0,1416.9,125.7,6156.9,489.9,4668.5,297.9,28.2,3.0,922.0,4.6,363.707,22549833.91
Timaa - TVTC,27.6173,38.5252,2016-12-01,13.1,1.9,1376.4,150.8,5436.3,743.9,3965.8,418.9,40.0,3.0,922.5,4.6,406.436,25199006.483
Timaa - TVTC,27.6173,38.5252,2017-01-01,13.2,1.9,1325.4,382.4,5906.3,1615.6,4235.7,972.3,36.9,3.0,921.5,4.6,392.7,24347425.612
Timaa - TVTC,27.6173,38.5252,2017-02-01,12.5,2.3,1649.3,521.8,6580.6,1783.5,5392.6,1149.9,28.9,3.0,921.8,4.6,383.996,23807740.11
Timaa - TVTC,27.6173,38.5252,2017-03-01,19.4,2.6,1990.0,679.7,7008.4,1822.0,6511.6,1389.9,25.2,3.0,917.2,4.6,347.311,21533289.139
Timaa - TVTC,27.6173,38.5252,2017-04-01,25.1,3.1,2727.9,887.1,5257.1,1816.7,6508.5,1493.2,21.1,3.0,918.3,4.6,367.747,22800299.785
Timaa - TVTC,27.6173,38.5252,2017-05-01,29.8,2.6,2439.0,671.0,7320.8,1864.0,7872.0,1610.1,16.1,3.0,916.8,4.6,265.345,16451367.425
Timaa - TVTC,27.6173,38.5252,2017-06-01,33.5,2.4,1845.5,447.5,8604.1,2115.8,8158.9,1682.0,14.6,3.1,914.7,4.7,218.637,13555486.235
Timaa - TVTC,27.6173,38.5252,2017-09-01,33.0,2.3,2419.6,237.0,6025.1,489.6,6674.6,588.0,15.6,3.0,916.4,4.6,267.213,16567199.939
Timaa - TVTC,27.6173,38.5252,2017-10-01,26.4,2.0,1347.0,107.0,7582.5,569.1,5879.9,394.5,24.0,3.0,918.5,4.6,284.269,17624685.357
Timaa - TVTC,27.6173,38.5252,2017-11-01,20.3,2.0,1652.8,163.3,5246.3,478.0,4426.5,328.7,38.9,3.0,920.2,4.6,372.013,23064780.274
Timaa - TVTC,27.6173,38.5252,2018-03-01,22.8,2.4,2201.9,233.0,6702.4,562.3,6509.7,416.5,21.6,3.0,918.5,4.6,317.032,19655970.085
Timaa - TVTC,27.6173,38.5252,2018-04-01,23.4,2.8,2665.5,268.8,6450.5,564.0,7333.9,479.9,26.7,3.0,916.1,4.6,323.955,20085179.93
Timaa - TVTC,27.6173,38.5252,2018-05-01,28.8,3.0,3115.1,274.6,5636.0,569.9,7389.0,498.3,20.9,3.0,915.9,4.6,321.829,19953426.304
Timaa - TVTC,27.6173,38.5252,2018-06-01,32.3,2.5,2262.5,236.9,8035.6,601.7,8218.7,507.4,17.1,3.0,914.3,4.6,232.979,14444671.871
Timaa - TVTC,27.6173,38.5252,2018-07-01,33.4,2.5,2187.6,213.7,7878.7,598.1,8005.7,531.3,17.9,3.0,912.7,4.5,237.589,14730499.324
Timaa - TVTC,27.6173,38.5252,2018-08-01,33.3,2.3,1625.7,143.7,8288.3,537.1,7533.6,466.6,20.1,3.0,913.6,4.6,230.985,14321071.499
Al Wajh - TVTC,26.256,36.443000000000005,2013-10-01,26.5,2.9,1190.4,122.7,7579.9,645.9,5774.6,428.9,61.3,3.0,1007.1,5.0,373.599,23163133.393
Al Wajh - TVTC,26.256,36.443000000000005,2013-11-01,25.1,2.4,1185.1,114.6,6251.1,450.5,4514.3,293.0,51.2,3.0,1008.6,5.0,388.398,24080681.381
Al Wajh - TVTC,26.256,36.443000000000005,2013-12-01,20.8,3.0,1293.5,118.1,4945.3,447.4,3724.1,254.1,45.3,3.0,1013.1,5.1,462.281,28661429.041
Al Wajh - TVTC,26.256,36.443000000000005,2014-01-01,20.3,2.6,1194.7,129.6,6214.4,490.1,4356.1,293.1,49.1,3.0,1012.2,5.1,422.831,26215542.716
Al Wajh - TVTC,26.256,36.443000000000005,2014-02-01,21.2,3.2,1236.4,153.0,7340.9,536.4,5422.9,348.5,46.5,3.0,1010.6,5.1,418.199,25928349.26
Al Wajh - TVTC,26.256,36.443000000000005,2014-03-01,23.3,3.8179321595775555,2035.0,152.2,5882.9,518.5,5989.7,408.9,52.6,3.0,1008.1,5.0,423.52,26258247.197
Al Wajh - TVTC,26.256,36.443000000000005,2014-04-01,26.2,3.8297413869327066,2587.1,242.0,5723.3,548.5,6744.5,491.0,56.0,3.0,1006.4,5.0,396.284,24569636.499
Al Wajh - TVTC,26.256,36.443000000000005,2014-05-01,27.9,3.6757830371224713,2169.6,212.9,7350.9,580.7,7576.3,479.9,54.5,3.0,1005.0,5.0,362.616,22482175.806
Al Wajh - TVTC,26.256,36.443000000000005,2014-06-01,29.1,3.4681173159736147,2014.4,207.1,8169.7,587.4,8022.4,498.4,60.7,3.0,1002.6,5.0,335.047,20772912.308
Al Wajh - TVTC,26.256,36.443000000000005,2014-07-01,30.2,3.5635851101149036,1608.5,117.3,8467.0,554.2,7784.1,479.1,68.2,3.0,1001.5,5.0,343.781,21314400.888
Al Wajh - TVTC,26.256,36.443000000000005,2014-08-01,30.9,3.7022325124820945,1768.8,153.5,7541.0,528.1,7232.2,458.9,66.7,3.0,1000.9,5.0,363.407,22531204.682
Al Wajh - TVTC,26.256,36.443000000000005,2014-09-01,28.7,3.39750843768223,1401.0,122.4,7809.0,539.6,6676.1,420.2,70.2,3.0,1004.0,5.0,369.198,22890267.944
Al Wajh - TVTC,26.256,36.443000000000005,2014-10-01,26.8,3.4276222079302876,1391.8,150.5,6479.7,492.1,5315.7,341.7,61.7,3.0,1007.9,5.0,414.274,25684961.766
Al Wajh - TVTC,26.256,36.443000000000005,2014-11-01,24.7,2.7,1137.8,43.0,6806.6,223.9,4723.6,154.8,45.8,3.0,1011.9,5.0,402.072,24928479.068
Al Wajh - TVTC,26.256,36.443000000000005,2014-12-01,23.4,2.5,1206.4,44.6,5750.0,193.9,4039.0,113.9,49.7,3.0,1013.5,5.0,418.788,25964883.211
Al Wajh - TVTC,26.256,36.443000000000005,2015-01-01,19.8,2.8,1231.8,50.7,6367.9,226.4,4503.9,130.8,44.5,3.0,1015.9,5.1,430.715,26704345.52
Al Wajh - TVTC,26.256,36.443000000000005,2015-02-01,21.2,3.0,2000.5,69.5,5011.7,209.0,4967.4,144.3,50.5,3.0,1011.8,5.1,421.871,26155981.623
Al Wajh - TVTC,26.256,36.443000000000005,2015-03-01,23.6,3.1,2065.0,78.8,6066.6,204.5,6134.6,170.3,52.8,3.0,1010.1,5.1,383.835,23797754.426
Al Wajh - TVTC,26.256,36.443000000000005,2015-04-01,24.0,3.4,2325.0,338.2,7173.9,977.3,7495.8,5981.6,52.4,3.0,1010.0,5.1,361.253,22397710.559
Al Wajh - TVTC,26.256,36.443000000000005,2015-05-01,28.0,3.0,2562.7,459.9,6409.0,1242.2,7328.7,7328.7,53.9,3.0,1006.4,5.1,326.231,20226306.868
Al Wajh - TVTC,26.256,36.443000000000005,2015-06-01,28.0,3.4,2127.2,129.5,8151.6,521.5,8138.6,8138.6,64.0,3.0,1004.9,5.0,330.879,20514501.772
Al Wajh - TVTC,26.256,36.443000000000005,2015-07-01,29.7,3.4882626422417182,1677.3,154.0,8488.8,558.8,7861.0,464.6,68.6,3.0,1001.6,5.0,338.805,21005888.949
Al Wajh - TVTC,26.256,36.443000000000005,2015-08-01,31.6,3.8932785031064263,2652.6,201.5,5693.5,451.1,6944.9,430.8,68.5,3.0,1001.0,5.0,377.247,23389343.352
Al Wajh - TVTC,26.256,36.443000000000005,2015-09-01,30.2,3.8247777234361457,2061.5,171.4,5994.1,499.3,6250.9,414.9,69.1,3.0,1003.9,5.0,395.752,24536641.128
Al Wajh - TVTC,26.256,36.443000000000005,2015-10-01,28.8,3.696731367566745,1687.6,141.1,5733.7,490.2,5256.8,343.3,62.8,3.0,1007.1,5.0,420.191,26051861.792
Al Wajh - TVTC,26.256,36.443000000000005,2015-11-01,25.5,2.6,2016.4355555555558,210.94825396825382,6120.162539682542,584.3730158730162,6101.853724247233,535.5805071315365,49.0,3.1,1010.6,5.2,343.124,21273676.038
Al Wajh - TVTC,26.256,36.443000000000005,2015-12-01,20.3,2.9,1012.5,41.1,6647.4,220.8,4247.5,124.6,40.0,3.0,1015.9,5.1,442.747,27450288.633
Al Wajh - TVTC,26.256,36.443000000000005,2016-01-01,18.8,2.9,1395.7,65.6,5580.6,241.0,4228.4,136.8,44.5,3.0,1015.8,5.1,448.06,27779738.351
Al Wajh - TVTC,26.256,36.443000000000005,2016-02-01,21.4,2.8,1367.6,66.0,7198.4,246.8,5517.5,165.4,43.6,3.0,1014.0,5.1,391.506,24273376.882
Al Wajh - TVTC,26.256,36.443000000000005,2016-03-01,24.1,3.1,2079.7,85.2,5849.0,258.6,5860.7,182.2,49.5,3.0,1009.5,5.1,390.62,24218410.179
Al Wajh - TVTC,26.256,36.443000000000005,2016-04-01,26.7,2.6,1882.1,82.3,7652.7,283.9,7311.2,249.8,49.4,3.0,1007.4,5.1,295.421,18316084.332
Al Wajh - TVTC,26.256,36.443000000000005,2016-05-01,28.2,3.2,2112.9,80.6,7920.5,285.4,7982.2,248.1,55.7,3.0,1006.6,5.0,320.736,19885601.599
Al Wajh - TVTC,26.256,36.443000000000005,2016-06-01,31.1,2.9,1954.3,72.5,8561.4,280.3,8274.4,219.9,54.4,3.0,1003.2,5.0,277.762,17221273.333
Al Wajh - TVTC,26.256,36.443000000000005,2016-07-01,30.8,2.5,1628.6,61.5,8794.2,285.2,8038.0,232.1,65.5,3.0,1001.6,5.0,244.5,15158976.879
Al Wajh - TVTC,26.256,36.443000000000005,2016-08-01,30.4,0.4,2215.3,95.7,6767.4,344.0,7170.1,298.8,68.8,3.0,1002.7,5.0,-1144.188,-70939645.13
Al Wajh - TVTC,26.256,36.443000000000005,2016-09-01,29.0,3.3,1773.5,90.7,7145.7,355.5,6713.8,336.1,69.2,3.0,1004.9,5.0,361.694,22425023.281
Al Wajh - TVTC,26.256,36.443000000000005,2016-10-01,28.1,2.6,1595.3,51.1,6409.4,195.5,5597.1,157.1,59.2,3.0,1007.9,5.0,353.336,21906820.155
Al Wajh - TVTC,26.256,36.443000000000005,2016-11-01,25.7,2.6,1342.2,51.6,6173.8,217.8,4681.9,141.1,41.8,3.0,1011.8,5.1,394.102,24434333.914
Al Wajh - TVTC,26.256,36.443000000000005,2016-12-01,20.5,3.5628365547749716,1300.1,169.4,5575.7,636.9,4030.5,384.8,46.2,3.0,1013.6,5.1,473.623,29364633.22
Al Wajh - TVTC,26.256,36.443000000000005,2017-01-01,19.5,2.9,1323.6,457.4,5446.0,1488.6,4200.7,1006.9,47.2,3.0,1013.9,5.1,446.774,27699958.128
Al Wajh - TVTC,26.256,36.443000000000005,2017-02-01,19.3,3.0,1525.6,488.3,6045.2,1647.9,5057.4,1168.4,35.9,3.0,1014.3,5.1,424.978,26348661.781
Al Wajh - TVTC,26.256,36.443000000000005,2017-03-01,21.7,2.9,1725.0,687.6,5803.6,1776.5,5541.5,1339.3,52.4,3.0,1009.5,5.1,396.206,24564791.095
Al Wajh - TVTC,26.256,36.443000000000005,2017-04-01,25.3,3.968477629569861,2389.2,697.5,5170.5,1783.4,6136.7,1433.2,58.0,3.0,1007.1,5.0,419.388,26002076.264
Al Wajh - TVTC,26.256,36.443000000000005,2017-05-01,27.5,3.7018288142369222,2143.7,613.6,6746.4,1769.2,7123.6,1481.3,64.0,3.0,1005.3,5.0,376.792,23361116.717
Al Wajh - TVTC,26.256,36.443000000000005,2017-06-01,28.4,3.689703081026316,1764.6,456.2,7613.1,1756.2,7393.5,1468.4,69.4,3.0,1001.6,5.0,366.468,22721015.347
Al Wajh - TVTC,26.256,36.443000000000005,2017-09-01,28.8,3.825005086614972,2181.9,189.9,5805.2,414.6,6284.2,418.0,74.5,3.0,1003.6,5.0,399.317,24757683.027
Al Wajh - TVTC,26.256,36.443000000000005,2017-10-01,26.2,3.1699615576322238,1221.8,99.4,7260.9,488.0,5634.0,350.8,66.3,3.0,1007.3,5.0,394.752,24474593.168
Al Wajh - TVTC,26.256,36.443000000000005,2017-11-01,24.2,2.6,1275.5,62.7,6355.6,240.1,4630.7,145.3,50.1,3.0,1011.1,5.0,400.654,24840563.37
Al Wajh - TVTC,26.256,36.443000000000005,2018-03-01,24.1,2.7,1793.9,98.9,7248.1,285.7,6522.6,225.1,55.3,3.0,1009.5,5.1,340.991,21141448.118
Al Wajh - TVTC,26.256,36.443000000000005,2018-04-01,25.3,2.7,2354.4,101.3,6860.2,280.1,7375.2,266.5,56.4,3.0,1007.2,5.0,307.4,19058828.23
Al Wajh - TVTC,26.256,36.443000000000005,2018-05-01,29.8,2.8,2985.8,117.5,5446.4,258.5,7155.7,226.6,48.4,3.0,1005.1,5.0,309.952,19216993.583
Al Wajh - TVTC,26.256,36.443000000000005,2018-06-01,30.1,3.1,2297.0,104.4,7721.7,261.0,8075.8,225.8,58.8,3.0,1003.2,5.0,304.337,18868894.344
Al Wajh - TVTC,26.256,36.443000000000005,2018-07-01,30.8,3.661442617717899,2021.9,230.7,7514.8,563.9,7584.6,464.8,67.4,3.0,1001.0,5.0,352.569,21859263.346
Al Wajh - TVTC,26.256,36.443000000000005,2018-08-01,31.1,3.635957901219218,1617.3,138.5,7831.6,539.6,7246.9,449.9,71.3,3.0,1001.3,5.0,359.035,22260140.63
Al Jouf - TVTC,29.77634,40.023179999999996,2014-12-01,14.6,3.1,1275.0,51.8,5173.5,208.9,3651.3,118.8,52.0,3.0,941.8,4.7,487.675,30235840.683
Al Jouf - TVTC,29.77634,40.023179999999996,2015-01-01,10.9,3.8,1424.9,66.5,5031.1,232.0,3829.2,134.2,41.8,3.0,941.2,4.8,515.325,31950128.759
Al Jouf - TVTC,29.77634,40.023179999999996,2015-02-01,13.5,4.3,1782.0,84.0,5440.8,241.1,4807.0,168.4,35.4,3.0,937.3,4.7,496.778,30800241.423
Al Jouf - TVTC,29.77634,40.023179999999996,2015-03-01,17.9,4.4,2296.9,105.0,5617.5,251.5,5907.6,199.5,29.0,3.1,938.3,4.8,461.782,28630498.884
Al Jouf - TVTC,29.77634,40.023179999999996,2015-04-01,21.8,4.9,2680.0,128.5,6686.9,401.9,7428.1,425.0,21.5,3.0,936.8,4.7,433.209,26858987.245
Al Jouf - TVTC,29.77634,40.023179999999996,2015-05-01,28.6,4.3,2844.0,112.6,6830.3,254.0,7849.6,225.8,15.3,3.0,934.1,4.7,382.693,23726955.767
Al Jouf - TVTC,29.77634,40.023179999999996,2015-06-01,30.7,4.9,2054.9,107.6,8702.2,304.2,8436.7,269.5,17.2,3.0,932.4,4.7,385.925,23927327.091
Al Jouf - TVTC,29.77634,40.023179999999996,2015-07-01,34.6,4.1,1965.9,65.6,8769.7,316.3,8358.9,277.6,12.9,3.0,930.2,4.7,343.776,21314102.664
Al Jouf - TVTC,29.77634,40.023179999999996,2015-08-01,35.4,4.4,2579.9,108.4,6719.7,266.6,7421.1,214.1,14.1,3.0,932.2,4.7,374.547,23221937.708
Al Jouf - TVTC,29.77634,40.023179999999996,2015-09-01,33.1,3.6,2448.3,94.5,5818.5,246.1,6409.2,198.7,14.9,3.0,934.2,4.7,372.885,23118891.627
Al Jouf - TVTC,29.77634,40.023179999999996,2015-10-01,27.1,3.4,1886.3,67.5,5264.4,201.2,5103.2,155.5,30.7,3.0,937.0,4.6,418.05,25919122.836
Al Jouf - TVTC,29.77634,40.023179999999996,2015-11-01,16.9,3.9,1635.5,68.8,4206.9,225.8,3781.1,168.9,53.9,3.0,939.7,4.7,500.166,31010286.559
Al Jouf - TVTC,29.77634,40.023179999999996,2015-12-01,9.8,3.5,1198.8,49.2,5178.3,216.3,3576.5,111.0,54.3,3.0,943.1,4.7,517.426,32080400.626
Al Jouf - TVTC,29.77634,40.023179999999996,2016-01-01,10.3,3.7,1287.3,55.3,6154.1,221.5,4213.8,129.3,49.0,3.0,941.5,4.7,504.806,31297976.698
Al Jouf - TVTC,29.77634,40.023179999999996,2016-02-01,14.3,3.7,1262.0,56.5,7475.6,232.0,5347.5,151.1,38.6,3.0,941.4,4.7,463.344,28727314.034
Al Jouf - TVTC,29.77634,40.023179999999996,2016-03-01,18.1,4.7,2175.8,89.0,5884.6,258.8,5948.5,195.8,34.9,3.0,937.3,4.7,468.432,29042796.143
Al Jouf - TVTC,29.77634,40.023179999999996,2016-04-01,24.3,4.1,2277.8,98.6,7253.0,260.8,7395.3,213.0,22.1,3.0,935.4,4.7,398.197,24688228.025
Al Jouf - TVTC,29.77634,40.023179999999996,2016-05-01,27.8,4.5,2359.8,93.2,7851.0,270.0,8115.6,223.8,17.3,3.0,934.5,4.7,387.276,24011094.298
Al Jouf - TVTC,29.77634,40.023179999999996,2016-06-01,33.1,4.6,2245.5,89.9,8498.3,288.4,8536.2,227.6,12.2,3.0,932.2,4.7,365.764,22677395.016
Al Jouf - TVTC,29.77634,40.023179999999996,2016-07-01,34.2,4.7,1529.2,55.2,9661.3,315.1,8453.7,3550.6,15.4,3.0,929.1,4.7,367.713,22798229.188
Al Jouf - TVTC,29.77634,40.023179999999996,2016-08-01,35.3,3.9,2173.4,72.2,7312.8,250.2,7474.4,2210.2,13.9,3.0,930.7,4.7,353.137,21894505.665
Al Jouf - TVTC,29.77634,40.023179999999996,2016-09-01,30.6,3.6,1794.0,89.2,7398.8,339.2,6718.2,6689.1,18.2,3.0,934.1,4.7,372.594,23100828.472
Al Jouf - TVTC,29.77634,40.023179999999996,2016-10-01,25.8,3.0,1670.5,63.0,6154.1,222.2,5355.4,4343.2,18.3,3.0,937.0,4.7,395.263,24506317.65
Al Jouf - TVTC,29.77634,40.023179999999996,2016-11-01,16.4,3.4,1628.6,55.3,4846.7,206.5,4137.0,844.7,26.8,3.0,941.5,4.7,478.367,29658760.995
Al Jouf - TVTC,29.77634,40.023179999999996,2016-12-01,9.7,3.6,1375.1,117.3,4875.3,358.7,3614.0,287.8,51.5,3.0,941.8,4.7,519.436,32205055.456
Al Jouf - TVTC,29.77634,40.023179999999996,2017-01-01,9.7,3.8,1505.1,394.1,4813.8,1264.9,3830.0,836.6,42.5,3.0,940.8,4.7,519.058,32181587.915
Al Jouf - TVTC,29.77634,40.023179999999996,2017-02-01,9.9,4.1,1533.8,471.9,5815.4,1666.8,4767.7,1074.8,26.7,3.0,941.3,4.7,503.79,31235006.82
Al Jouf - TVTC,29.77634,40.023179999999996,2017-03-01,16.9,4.7,2227.6,669.4,5560.5,1676.5,5740.9,1255.3,35.9,3.0,935.8,4.7,476.359,29534251.889
Al Jouf - TVTC,29.77634,40.023179999999996,2017-04-01,22.3,4.6,2852.7,873.5,4059.5,1865.0,5726.0,1537.7,24.8,3.0,937.1,4.7,457.267,28350551.749
Al Jouf - TVTC,29.77634,40.023179999999996,2017-09-01,32.5,3.6,2436.7,193.7,5772.3,420.7,6433.7,483.9,14.8,3.0,934.1,4.7,374.119,23195368.745
Al Jouf - TVTC,29.77634,40.023179999999996,2017-10-01,24.8,3.4,1587.2,346.9,6530.3,958.9,5433.4,742.1,22.4,3.0,936.8,4.7,416.067,25796170.475
Al Jouf - TVTC,29.77634,40.023179999999996,2017-11-01,17.6,3.6,1851.0,586.1,4120.6,1466.6,3972.7,918.2,42.6,3.0,939.2,4.7,485.314,30089446.715
Al Jouf - TVTC,29.77634,40.023179999999996,2018-03-01,21.3,4.0,2252.1,99.2,6351.2,238.5,6314.3,201.2,22.7,3.0,936.9,4.7,428.855,26588999.376
Al Jouf - TVTC,29.77634,40.023179999999996,2018-04-01,22.4,4.5,2528.4,117.5,6491.3,287.4,7142.7,274.8,27.4,3.0,934.4,4.7,424.593,26324779.361
Al Jouf - TVTC,29.77634,40.023179999999996,2018-05-01,27.7,4.7,2944.4,119.0,5943.9,266.4,7350.8,239.9,21.4,3.0,933.7,4.7,410.215,25433357.8
Al Jouf - TVTC,29.77634,40.023179999999996,2018-06-01,32.0,4.8,2348.1,124.7,8113.2,285.2,8361.9,256.2,15.9,3.0,931.5,4.7,379.942,23556395.877
Al Jouf - TVTC,29.77634,40.023179999999996,2018-07-01,32.9,5.1,1991.9,84.0,8626.0,284.6,8295.6,247.0,16.8,3.0,929.6,4.7,388.038,24058361.754
Al Jouf - TVTC,29.77634,40.023179999999996,2018-08-01,32.3,5.0,1515.3,67.6,8978.7,278.6,7827.0,251.9,19.8,3.0,930.8,4.7,395.696,24533168.285
Yanbu - RCJY,23.98655,38.20451,2014-12-01,25.9,2.8,1453.1,53.1,5310.6,226.9,4226.4,145.8,52.6,3.0,1013.9,5.1,421.002,26102093.444
Yanbu - RCJY,23.98655,38.20451,2015-01-01,22.0,3.1,1392.8,58.7,6263.0,215.5,4752.5,132.3,44.2,3.0,1016.0,5.1,430.966,26719877.088
Yanbu - RCJY,23.98655,38.20451,2015-02-01,23.9,3.1,2026.8,66.8,5333.2,189.0,5331.5,154.9,55.0,3.0,1012.2,5.1,407.375,25257264.247
Yanbu - RCJY,23.98655,38.20451,2015-03-01,26.2,3.4,2275.6,73.9,5812.2,222.1,6315.7,179.6,54.9,3.0,1010.2,5.1,387.169,24004461.76
Yanbu - RCJY,23.98655,38.20451,2015-04-01,26.4,4.3,3027.5,115.3,5393.7,225.1,7010.7,212.0,50.5,3.0,1009.8,5.1,408.008,25296476.1
Yanbu - RCJY,23.98655,38.20451,2015-05-01,29.8,3.4,3072.9,102.7,5282.3,212.9,7149.3,254.0,58.8,3.0,1006.6,5.0,352.743,21870061.978
Yanbu - RCJY,23.98655,38.20451,2015-06-01,30.6,4.3,2743.9,119.7,6727.3,282.0,7824.3,297.8,54.5,3.0,1004.6,5.0,376.994,23373603.678
Yanbu - RCJY,23.98655,38.20451,2015-07-01,31.6,4.0,2070.9,131.3,7887.0,323.2,7952.7,373.2,59.7,3.0,1003.4,5.0,357.938,22192154.157
Yanbu - RCJY,23.98655,38.20451,2015-08-01,34.8,3.9,3047.8,95.4,4783.8,185.7,6767.9,188.1,53.9,3.0,1002.4,5.0,371.818,23052718.143
Yanbu - RCJY,23.98655,38.20451,2015-09-01,32.8,3.7,2692.4,79.2,4939.9,149.0,6318.1,172.3,55.7,3.0,1005.1,5.0,380.697,23603191.587
Yanbu - RCJY,23.98655,38.20451,2015-10-01,30.8,3.0,2032.4,61.9,5444.5,174.5,5590.8,148.4,60.7,3.0,1009.2,5.1,372.211,23077082.747
Yanbu - RCJY,23.98655,38.20451,2015-11-01,27.1,3.2,1551.7,58.3,5713.6,208.7,4762.0,135.0,51.5,3.0,1011.1,5.1,419.261,25994204.104
Yanbu - RCJY,23.98655,38.20451,2015-12-01,22.4,3.6,1513.8,61.3,5315.3,189.4,4234.1,113.8,42.2,3.0,1015.9,5.1,463.44,28733297.614
Yanbu - RCJY,23.98655,38.20451,2016-01-01,21.6,3.5,1648.8,58.4,5479.6,196.4,4603.1,125.8,42.9,3.0,1015.7,5.1,452.805,28073928.773
Yanbu - RCJY,23.98655,38.20451,2016-02-01,23.6,3.4,1658.6,63.7,6620.1,221.6,5635.1,154.5,43.2,3.0,1014.4,5.1,414.215,25681326.719
Yanbu - RCJY,23.98655,38.20451,2016-03-01,26.1,3.4,2554.3,85.8,4628.6,204.7,5790.3,172.5,50.4,3.0,1009.9,5.1,402.083,24929135.608
Yanbu - RCJY,23.98655,38.20451,2016-04-01,28.6,3.4,2232.2,77.0,6838.1,237.3,7261.2,196.1,47.5,3.0,1008.3,5.1,353.386,21909946.802
Yanbu - RCJY,23.98655,38.20451,2016-05-01,30.0,4.0,2214.8,69.9,7673.3,236.6,7949.1,216.2,54.8,3.0,1006.8,5.0,363.027,22507683.295
Yanbu - RCJY,23.98655,38.20451,2016-06-01,32.3,3.8,2676.9,91.1,6733.2,231.6,7829.2,208.2,55.8,2.9,1003.6,5.0,348.932,21633793.014
Yanbu - RCJY,23.98655,38.20451,2016-07-01,32.0,3.9,2398.2,96.3,6935.9,243.8,7612.5,225.9,61.7,3.0,1002.3,5.0,360.112,22326965.376
Yanbu - RCJY,23.98655,38.20451,2016-08-01,32.2,4.0,2659.5,99.9,5699.9,201.8,7001.8,236.0,60.9,3.0,1002.9,5.0,378.524,23468477.134
Yanbu - RCJY,23.98655,38.20451,2016-09-01,31.6,3.5,2430.4,137.6,5594.0,314.1,6455.4,344.2,62.2,3.0,1004.7,5.0,371.523,23034434.174
Yanbu - RCJY,23.98655,38.20451,2016-10-01,29.9,2.7,2086.0,63.7,5149.2,155.5,5458.7,155.3,65.1,3.0,1008.6,5.0,360.083,22325162.983
Yanbu - RCJY,23.98655,38.20451,2016-11-01,27.3,2.6,1449.0,56.3,6079.6,207.2,4860.8,142.3,44.2,2.8,1012.3,5.0,382.596,23720979.756
Yanbu - RCJY,23.98655,38.20451,2016-12-01,24.4,3.4916069187915433,1584.7,160.8,4632.8,559.7,4002.3,399.9,51.5,3.0,1014.1,5.1,460.008,28520499.033
Yanbu - RCJY,23.98655,38.20451,2017-01-01,22.4,2.4,1403.7,480.0,5130.4,1276.1,4068.4,1038.2,53.9,3.0,1014.2,5.1,414.398,25692666.589
Yanbu - RCJY,23.98655,38.20451,2017-02-01,21.6,3.5,1896.4,673.7,4096.8,1440.6,4398.5,1241.4,38.0,3.0,1014.4,5.1,458.329,28416389.446
Yanbu - RCJY,23.98655,38.20451,2017-03-01,24.5,3.6997274890990717,2165.1,686.0,4735.4,1459.7,5382.1,1205.1,61.5,3.0,1009.5,5.1,430.549,26694017.006
Yanbu - RCJY,23.98655,38.20451,2017-04-01,28.9,3.4143490063723796,2877.7,782.6,4572.9,1331.3,6373.5,1460.4,54.7,3.0,1008.1,5.0,377.862,23427463.749
Yanbu - RCJY,23.98655,38.20451,2017-05-01,30.9,3.3268923035306983,2776.8,648.9,5403.8,1548.4,6966.3,1497.4,59.9,3.0,1006.6,5.0,350.134,21708308.846
Yanbu - RCJY,23.98655,38.20451,2017-06-01,32.2,3.3466108675181268,2320.3,166.9,6651.6,471.2,7400.9,446.5,63.0,3.0,1002.3,5.0,334.963,20767725.96
Yanbu - RCJY,23.98655,38.20451,2017-09-01,32.5,0.0,2707.0,138.5,4926.1,253.4,6309.4,294.2,56.4,3.0,1004.7,5.0,NULL,NULL
Yanbu - RCJY,23.98655,38.20451,2017-10-01,30.1,3.290087265033762,1612.0,113.6,6353.0,425.8,5677.5,352.9,66.9,3.0,1008.1,5.1,387.436,24021044.933
Yanbu - RCJY,23.98655,38.20451,2017-11-01,26.5,0.0,1566.3,256.8,5473.5,543.6,4643.4,458.5,56.0,3.3,1011.7,5.5,NULL,NULL
Yanbu - RCJY,23.98655,38.20451,2018-03-01,27.3,3.3344532257832107,1951.4,149.7,6653.8,488.7,6473.9,394.2,53.6,3.0,1009.4,5.1,375.795,23299302.24
Yanbu - RCJY,23.98655,38.20451,2018-04-01,26.8,0.0,2414.7,104.6,6962.9,286.4,7540.4,244.7,56.5,3.0,1007.9,5.0,NULL,NULL
Yanbu - RCJY,23.98655,38.20451,2018-05-01,31.5,0.0,3416.5,160.5,5288.5,366.6,7572.4,355.7,44.0,3.0,1005.7,5.0,NULL,NULL
Yanbu - RCJY,23.98655,38.20451,2018-06-01,32.0,0.0,2673.0,233.5,6763.5,550.6,7806.4,583.5,52.8,3.0,1002.9,5.0,NULL,NULL
Thuwal - KAUST,22.3065,39.107,2013-06-01,31.0,2.4,2607.0,250.3,6556.3,534.3,7614.5,509.1,62.6,3.0,1001.3,5.0,247.889,15369124.596
Thuwal - KAUST,22.3065,39.107,2013-07-01,31.6,2.4,2946.7,253.1,5138.9,415.8,7025.1,442.0,68.4,3.0,999.1,5.0,269.217,16691484.207
Thuwal - KAUST,22.3065,39.107,2013-08-01,32.0,2.5,2780.7,224.7,4874.9,397.8,6556.1,414.0,69.2,3.0,1000.9,5.0,296.756,18398862.399
Thuwal - KAUST,22.3065,39.107,2013-09-01,31.1,2.4,2596.4,232.0,4684.5,445.1,6109.1,485.6,75.1,3.0,1002.6,5.0,306.845,19024365.033
Thuwal - KAUST,22.3065,39.107,2013-10-01,29.2,2.1,1995.1,313.2,5143.5,577.4,5439.2,587.9,75.2,3.0,1006.5,5.0,308.569,19131297.514
Thuwal - KAUST,22.3065,39.107,2013-11-01,27.9,2.2,1374.7,117.0,5886.0,526.1,4753.3,358.3,57.3,3.0,1008.0,5.1,353.219,21899555.019
Thuwal - KAUST,22.3065,39.107,2013-12-01,24.6,2.4,1417.4,113.3,5412.7,396.7,4351.0,280.6,54.6,3.0,1011.9,5.1,396.391,24576246.468
Thuwal - KAUST,22.3065,39.107,2014-01-01,24.4,2.2,1754.7,200.3,4317.6,479.5,4141.3,362.8,61.9,3.0,1011.1,5.1,390.45,24207919.662
Thuwal - KAUST,22.3065,39.107,2014-02-01,24.9,2.4,1889.1,167.3,5479.1,478.8,5343.0,341.4,58.2,3.0,1009.4,5.1,356.397,22096634.243
Thuwal - KAUST,22.3065,39.107,2014-03-01,25.5,2.6,2396.4,222.6,5209.2,472.9,6070.9,422.1,67.9,3.0,1008.0,5.0,344.249,21343420.975
Thuwal - KAUST,22.3065,39.107,2014-04-01,28.3,2.7,2807.9,218.9,4775.9,500.5,6435.1,445.9,66.9,3.0,1006.4,5.0,330.917,20516877.391
Thuwal - KAUST,22.3065,39.107,2014-05-01,28.9,2.6,2820.2,246.7,5621.5,508.6,7127.7,460.9,71.4,3.0,1005.0,5.0,295.209,18302943.668
Thuwal - KAUST,22.3065,39.107,2014-06-01,30.2,2.7,2748.3,238.0,6142.6,547.4,7509.2,467.6,73.3,3.0,1002.1,5.0,287.386,17817920.971
Thuwal - KAUST,22.3065,39.107,2014-07-01,31.6,2.6,2498.8,279.9,6229.9,641.3,7318.7,710.2,71.0,3.0,1002.2,5.0,279.823,17349024.343
Thuwal - KAUST,22.3065,39.107,2014-08-01,32.1,2.6,2499.5,195.2,5654.5,490.4,6858.6,453.0,73.4,3.0,1001.1,5.0,294.98,18288766.533
Thuwal - KAUST,22.3065,39.107,2014-09-01,30.5,2.5,2524.5,204.6,4925.4,388.1,6172.1,378.0,78.4,3.0,1003.7,5.0,315.961,19589566.023
Thuwal - KAUST,22.3065,39.107,2014-10-01,29.2,2.3,1765.5,138.6,5924.4,397.6,5652.0,351.4,77.2,3.0,1007.8,5.0,321.108,19908719.677
Thuwal - KAUST,22.3065,39.107,2014-11-01,27.0,2.3,1406.6,121.7,5910.2,474.5,4789.0,318.7,62.2,3.0,1010.1,5.1,363.443,22533466.272
Thuwal - KAUST,22.3065,39.107,2014-12-01,26.3,2.2,1392.5,103.7,5475.7,377.9,4367.1,264.2,67.4,3.0,1011.9,5.1,374.81,23238213.187
Thuwal - KAUST,22.3065,39.107,2015-01-01,23.1,2.6,1469.2,121.7,5898.9,474.6,4744.1,307.5,61.8,3.0,1013.8,5.1,399.973,24798351.918
Thuwal - KAUST,22.3065,39.107,2015-02-01,24.4,2.5,1904.6,148.2,5624.2,431.2,5449.2,345.6,72.5,3.0,1010.2,5.1,362.361,22466411.427
Thuwal - KAUST,22.3065,39.107,2015-03-01,26.0,2.5,2543.2,194.7,4710.5,431.9,5911.7,401.7,74.8,3.0,1008.5,5.1,339.877,21072365.502
Thuwal - KAUST,22.3065,39.107,2015-04-01,26.3,2.8,3230.1,266.3,4456.9,482.1,6680.4,436.3,70.9,3.0,1008.1,5.1,336.938,20890129.892
Thuwal - KAUST,22.3065,39.107,2015-05-01,29.5,2.5,3170.7,235.4,4747.2,418.2,6863.7,437.1,73.0,3.0,1004.9,5.0,292.949,18162830.67
Thuwal - KAUST,22.3065,39.107,2015-06-01,29.7,2.5,3079.7,274.0,5552.6,555.7,7353.6,470.2,74.4,3.0,1003.0,5.0,273.807,16976052.121
Thuwal - KAUST,22.3065,39.107,2015-07-01,31.3,2.5,2544.8,193.9,6328.0,504.8,7424.9,450.1,71.4,3.0,1002.0,5.0,266.108,16498716.174
Thuwal - KAUST,22.3065,39.107,2015-08-01,33.0,2.7,3251.3,238.2,4050.8,391.9,6482.0,417.4,79.5,3.0,1000.9,5.0,314.576,19503737.289
Thuwal - KAUST,22.3065,39.107,2015-09-01,32.0,2.5,2800.9,204.7,4470.5,322.2,6139.5,377.0,80.7,3.0,1003.6,5.0,312.501,19375092.912
Thuwal - KAUST,22.3065,39.107,2015-10-01,30.7,0.1,2196.5,165.7,4822.4,367.0,5409.6,349.0,76.5,3.0,1007.3,5.0,-4562.866,-282897661.281
Thuwal - KAUST,22.3065,39.107,2015-11-01,27.9,0.4,1549.8,138.1,5461.2,447.4,4725.4,304.8,72.7,3.0,1009.1,5.0,-558.875,-34650279.34
Thuwal - KAUST,22.3065,39.107,2015-12-01,24.3,2.7,1704.5,140.5,3949.7,405.8,3840.6,274.3,61.8,3.0,1013.5,5.1,434.225,26921930.979
Thuwal - KAUST,22.3065,39.107,2016-01-01,23.1,2.7,1860.7,154.3,4496.8,395.4,4414.8,290.6,67.4,3.0,1013.4,5.0,417.883,25908753.992
Thuwal - KAUST,22.3065,39.107,2016-02-01,24.5,2.7,1930.4,159.2,5496.7,478.2,5339.1,350.3,64.7,3.0,1012.1,5.1,381.158,23631781.07
Thuwal - KAUST,22.3065,39.107,2016-03-01,26.5,2.7,2537.5,214.3,4970.4,507.8,6040.3,406.4,77.0,3.0,1008.0,5.1,350.363,21722532.75
Thuwal - KAUST,22.3065,39.107,2016-04-01,29.0,2.7,2348.5,202.9,6163.7,511.2,6923.1,436.6,68.3,3.0,1006.3,5.0,311.65,19322302.936
Thuwal - KAUST,22.3065,39.107,2016-05-01,30.2,2.6,2370.6,169.7,6730.3,465.0,7541.1,449.0,77.8,3.0,1005.2,5.0,276.119,17119387.196
Thuwal - KAUST,22.3065,39.107,2016-06-01,31.2,2.6,2864.3,259.2,5748.6,451.0,7365.2,453.8,81.6,3.0,1002.1,5.0,279.384,17321814.698
Thuwal - KAUST,22.3065,39.107,2016-07-01,32.4,2.6,2744.9,235.2,5330.2,506.2,6869.0,450.0,79.1,3.0,1000.8,5.0,293.664,18207160.13
Thuwal - KAUST,22.3065,39.107,2016-08-01,32.2,2.7,2797.2,194.9,4703.5,369.6,6498.6,403.1,85.0,3.0,1001.8,5.0,316.498,19622847.792
Thuwal - KAUST,22.3065,39.107,2016-09-01,31.4,2.4,2686.8,230.5,4563.1,396.6,6099.4,412.7,90.1,3.0,1003.4,5.0,306.288,18989869.29
Thuwal - KAUST,22.3065,39.107,2016-10-01,29.4,2.1,2068.1,139.5,5117.3,331.2,5491.9,340.1,91.2,3.0,1007.0,5.0,305.573,18945499.487
Thuwal - KAUST,22.3065,39.107,2016-11-01,28.2,2.3,1668.8,130.6,5249.7,401.8,4731.8,301.7,71.6,3.0,1010.2,5.1,362.04,22446467.667
Thuwal - KAUST,22.3065,39.107,2016-12-01,25.2,2.3,1675.1,156.8,4467.7,503.8,4106.3,391.2,79.2,3.0,1012.8,5.1,397.119,24621407.326
Thuwal - KAUST,22.3065,39.107,2017-01-01,23.9,2.2,1551.0,392.1,5142.7,1155.2,4441.4,947.2,83.6,3.0,1012.4,5.1,379.125,23505746.703
Thuwal - KAUST,22.3065,39.107,2017-02-01,23.3,2.7,2316.1,648.2,3523.9,1496.4,4529.6,1149.1,65.1,3.0,1012.1,5.1,413.24,25620884.806
Thuwal - KAUST,22.3065,39.107,2017-03-01,24.6,2.6,2544.1,777.0,4485.6,1359.6,5726.5,1258.3,83.6,3.0,1008.4,5.0,359.58,22293942.474
Thuwal - KAUST,22.3065,39.107,2017-04-01,27.9,2.8,3026.8,703.7,3978.0,1284.1,6098.8,1267.6,80.6,3.0,1007.1,5.0,351.56,21796730.083
Thuwal - KAUST,22.3065,39.107,2017-05-01,29.8,2.6,2851.5,665.1,4210.5,1143.6,6160.8,1314.9,83.8,3.0,1005.5,5.0,327.533,20307043.536
Thuwal - KAUST,22.3065,39.107,2017-06-01,29.9,2.5,2344.2,601.2,5721.0,1614.2,6778.2,1405.8,92.4,3.0,1001.6,5.0,294.929,18285621.066
Thuwal - KAUST,22.3065,39.107,2017-09-01,31.4,2.5,2630.7,189.5,4680.7,340.4,6160.3,406.3,93.7,3.0,1003.3,5.0,313.592,19442697.93
Thuwal - KAUST,22.3065,39.107,2017-10-01,29.0,2.1,1788.8,125.4,5825.1,394.0,5630.4,355.6,95.9,3.0,1007.0,5.0,300.592,18636693.47
Thuwal - KAUST,22.3065,39.107,2017-11-01,27.5,2.3,1685.6,135.1,4843.0,377.3,4537.8,290.3,88.8,3.0,1009.6,5.1,372.199,23076341.542
Thuwal - KAUST,22.3065,39.107,2018-03-01,26.0,0.0,2089.3,169.2,6161.7,464.0,6375.2,406.0,68.9,3.0,1008.3,5.0,NULL,NULL
Thuwal - KAUST,22.3065,39.107,2018-04-01,27.0,0.0,2507.9,232.6,6022.8,475.3,7031.1,442.8,65.5,3.0,1006.2,5.0,NULL,NULL
Thuwal - KAUST,22.3065,39.107,2018-05-01,30.2,0.0,3128.0,248.0,5108.0,447.6,7120.5,454.8,62.0,3.0,1003.9,5.0,NULL,NULL
Thuwal - KAUST,22.3065,39.107,2018-06-01,30.9,0.0,2970.5,252.2,5355.5,479.9,7152.3,457.4,68.2,3.0,1001.6,5.0,NULL,NULL
Thuwal - KAUST,22.3065,39.107,2018-07-01,31.9,0.0,2769.9,223.7,5444.7,473.9,7036.3,455.5,65.5,3.0,1001.7,5.0,NULL,NULL
Thuwal - KAUST,22.3065,39.107,2018-08-01,32.1,0.0,2421.2,186.3,5502.2,433.3,6668.6,421.5,69.5,3.0,1001.9,5.0,NULL,NULL
Jeddah - KAU,21.49604,39.24492,2013-06-01,34.7,3.2,2784.0,279.5,6110.3,532.2,7497.9,590.6,37.2,3.0,996.9,5.0,314.707,19511804.142
Jeddah - KAU,21.49604,39.24492,2013-07-01,34.2,3.4,3052.1,264.9,4819.7,539.5,6893.2,612.5,49.2,3.0,995.0,5.0,346.099,21458125.563
Jeddah - KAU,21.49604,39.24492,2013-08-01,34.2,3.2,2764.1,316.0,4772.1,650.9,6510.4,760.3,53.0,3.0,996.8,5.0,345.429,21416600.41
Jeddah - KAU,21.49604,39.24492,2013-09-01,33.4,3.3,2590.3,229.8,4628.3,431.0,6060.0,513.7,58.9,3.0,998.4,5.0,366.653,22732475.037
Jeddah - KAU,21.49604,39.24492,2013-10-01,31.5,2.5,2046.7,237.6,4904.5,604.0,5358.0,564.9,62.6,3.0,1002.3,5.0,343.603,21303359.076
Jeddah - KAU,21.49604,39.24492,2013-11-01,29.7,2.5,1536.9,122.0,5333.9,420.2,4665.9,351.3,56.5,3.0,1003.7,5.0,375.391,23274215.229
Jeddah - KAU,21.49604,39.24492,2013-12-01,26.2,3.1,1660.2,127.6,4547.5,408.2,4183.4,299.7,56.1,3.0,1007.5,5.1,435.176,26980927.626
Jeddah - KAU,21.49604,39.24492,2014-01-01,26.0,2.8,1818.0,181.8,4079.7,590.9,4112.6,481.6,58.9,3.0,1006.6,5.0,424.529,26320801.283
Jeddah - KAU,21.49604,39.24492,2014-02-01,26.3,3.0,2022.8,163.5,5219.2,460.3,5348.7,346.3,57.8,3.0,1005.0,5.0,393.91,24422446.03
Jeddah - KAU,21.49604,39.24492,2014-03-01,27.9,3.5,2266.9,197.5,5670.3,463.2,6258.9,402.1,55.7,3.0,1003.6,5.0,388.4,24080805.521
Jeddah - KAU,21.49604,39.24492,2014-04-01,31.5,3.5,2944.3,225.3,4543.9,422.0,6421.3,435.5,49.3,3.0,1002.1,5.0,372.756,23110901.994
Jeddah - KAU,21.49604,39.24492,2014-05-01,32.0,4.0,2758.5,217.4,5740.2,476.2,7158.1,451.6,51.3,3.0,1000.5,5.0,375.457,23278345.345
Jeddah - KAU,21.49604,39.24492,2014-06-01,33.7,4.8,2861.5,233.5,5845.0,518.9,7397.3,464.1,50.9,3.0,997.7,5.0,393.613,24404026.494
Jeddah - KAU,21.49604,39.24492,2014-07-01,35.5,4.1,2816.4,218.5,5554.3,423.3,7157.0,444.2,45.3,3.0,997.7,5.0,368.66,22856928.495
Jeddah - KAU,21.49604,39.24492,2014-08-01,35.3,4.1,2584.1,195.7,5506.6,412.4,6852.8,428.7,52.9,3.0,996.9,5.0,376.296,23330369.373
Jeddah - KAU,21.49604,39.24492,2014-09-01,32.9,4.6,2620.5,214.3,4767.3,358.4,6144.7,379.1,63.4,3.0,999.2,5.0,415.514,25761866.937
Jeddah - KAU,21.49604,39.24492,2014-10-01,31.1,3.6,1878.1,139.8,5648.5,382.9,5613.2,357.2,68.6,3.0,1003.4,5.0,400.033,24802052.174
Jeddah - KAU,21.49604,39.24492,2014-11-01,28.5,3.0,1552.9,119.0,5262.9,445.5,4606.6,321.6,60.4,3.0,1005.6,5.0,410.403,25444996.33
Jeddah - KAU,21.49604,39.24492,2014-12-01,27.8,2.9,1635.4,119.9,4766.7,348.7,4238.7,260.3,65.4,3.0,1007.3,5.0,419.576,26013737.563
Jeddah - KAU,21.49604,39.24492,2015-01-01,24.9,3.9,1700.8,128.8,5193.0,448.3,4623.6,300.3,60.8,3.0,1009.0,5.1,454.733,28193455.891
Jeddah - KAU,21.49604,39.24492,2015-02-01,26.3,3.6,2024.3,159.3,5306.4,398.5,5374.8,332.7,67.9,3.0,1005.6,5.0,421.303,26120773.117
Jeddah - KAU,21.49604,39.24492,2015-03-01,28.3,4.0,2656.1,202.8,4414.3,369.4,5788.9,383.9,64.9,3.0,1004.0,5.0,419.373,26001116.922
Jeddah - KAU,21.49604,39.24492,2015-04-01,28.9,4.9,3453.1,265.3,3965.1,398.5,6551.7,416.8,55.7,3.0,1003.3,5.0,427.904,26530025.816
Jeddah - KAU,21.49604,39.24492,2015-05-01,33.3,3.8,3150.6,232.4,4904.6,447.0,6966.7,436.9,52.4,3.0,1000.2,5.0,367.251,22769567.175
Jeddah - KAU,21.49604,39.24492,2015-06-01,33.3,4.8,3130.0,269.8,5433.6,562.9,7292.3,473.4,50.6,3.0,998.3,5.0,396.931,24609741.415
Jeddah - KAU,21.49604,39.24492,2015-07-01,35.5,4.6,2817.2,222.6,5850.6,471.3,7343.6,445.1,42.1,3.0,997.3,5.0,382.756,23730843.287
Jeddah - KAU,21.49604,39.24492,2015-08-01,36.0,3.4,3318.6,241.0,3909.4,338.4,6455.7,413.3,61.0,3.0,996.6,5.0,352.628,21862914.827
Jeddah - KAU,21.49604,39.24492,2015-09-01,34.6,3.3,2822.2,207.9,4373.4,333.8,6104.6,373.2,65.8,3.0,999.2,5.0,361.623,22420606.463
Jeddah - KAU,21.49604,39.24492,2015-10-01,33.1,2.8,2200.5,150.1,4679.0,340.2,5373.2,342.5,64.6,3.0,1002.9,5.0,359.783,22306537.863
Jeddah - KAU,21.49604,39.24492,2015-11-01,29.6,3.3,1710.9,139.0,4948.2,422.0,4610.8,303.9,68.9,3.0,1004.5,5.0,420.033,26042024.864
Jeddah - KAU,21.49604,39.24492,2015-12-01,25.6,4.5,1869.5,145.6,3507.8,410.5,3769.1,274.9,61.5,3.0,1008.6,5.1,485.422,30096183.783
Jeddah - KAU,21.49604,39.24492,2016-01-01,24.7,4.1,1993.7,147.9,4040.4,391.5,4295.1,293.5,66.5,3.0,1008.6,5.1,468.394,29040411.409
Jeddah - KAU,21.49604,39.24492,2016-02-01,26.3,3.7,2058.4,179.9,5045.8,437.7,5262.7,346.4,62.4,3.0,1007.3,5.1,427.978,26534655.537
Jeddah - KAU,21.49604,39.24492,2016-03-01,28.9,4.2,2583.8,201.9,4743.2,420.1,5906.9,394.0,65.1,3.0,1003.4,5.0,421.353,26123908.713
Jeddah - KAU,21.49604,39.24492,2016-04-01,31.9,2.9,2433.3,212.2,5950.3,506.2,6825.4,434.9,55.3,3.0,1001.7,5.0,322.472,19993285.104
Jeddah - KAU,21.49604,39.24492,2016-05-01,33.3,4.3,2554.1,185.2,6250.6,440.8,7375.7,437.2,57.8,3.0,1000.5,5.0,378.407,23461218.266
Jeddah - KAU,21.49604,39.24492,2016-06-01,35.2,3.9,2959.5,249.4,5482.2,462.9,7235.0,446.6,54.2,3.0,997.6,5.0,359.25,22273507.451
Jeddah - KAU,21.49604,39.24492,2016-07-01,35.7,4.3,3028.9,246.3,4814.2,408.3,6776.9,448.0,53.4,3.0,996.4,5.0,384.059,23811638.47
Jeddah - KAU,21.49604,39.24492,2016-08-01,34.6,3.8,2920.3,216.4,4289.6,371.3,6267.6,402.0,68.1,3.0,997.4,5.0,380.569,23595260.437
Jeddah - KAU,21.49604,39.24492,2016-09-01,33.7,3.8,2676.5,259.9,4585.6,478.5,6132.4,482.5,75.1,3.0,998.9,5.0,386.745,23978212.676
Jeddah - KAU,21.49604,39.24492,2016-10-01,31.9,2.5,2113.2,138.3,4997.6,321.5,5452.1,339.8,77.2,3.0,1002.5,5.0,338.795,21005287.733
Jeddah - KAU,21.49604,39.24492,2016-11-01,30.0,2.7,1863.1,140.0,4569.4,348.7,4578.8,293.5,71.1,3.0,1005.6,5.0,390.563,24214933.472
Jeddah - KAU,21.49604,39.24492,2016-12-01,26.8,3.7,1710.8,161.9,4385.4,502.5,4119.9,390.6,78.3,3.0,1008.0,5.0,455.599,28247129.677
Jeddah - KAU,21.49604,39.24492,2017-01-01,25.6,3.4,1566.2,404.5,4609.3,1027.2,4179.9,832.1,80.0,3.0,1007.6,5.0,448.401,27800867.043
Jeddah - KAU,21.49604,39.24492,2017-02-01,24.8,4.4,2134.6,535.3,2999.4,1272.9,4052.3,1043.5,63.8,3.0,1007.1,5.0,480.044,29762731.144
Jeddah - KAU,21.49604,39.24492,2017-03-01,26.8,4.1,2542.8,705.5,3507.3,1099.0,5072.3,1122.5,72.5,3.0,1003.5,5.0,443.914,27522690.624
Jeddah - KAU,21.49604,39.24492,2017-04-01,30.9,4.2,2830.8,711.2,3692.8,1095.2,5700.8,1208.2,60.5,3.0,1002.2,5.0,419.735,26023564.054
Jeddah - KAU,21.49604,39.24492,2017-05-01,33.5,4.2,2791.6,650.6,4368.0,1101.9,6236.0,1298.3,55.1,3.0,1000.6,5.0,399.563,24772879.598
Jeddah - KAU,21.49604,39.24492,2017-06-01,33.7,3.9,2515.2,684.7,5244.5,1482.8,6628.0,1433.3,65.0,3.0,996.9,5.0,378.648,23476168.057
Jeddah - KAU,21.49604,39.24492,2017-09-01,33.9,3.6,2723.3,214.7,4310.0,340.1,5981.7,424.6,77.9,3.0,998.8,5.0,381.604,23659438.851
Jeddah - KAU,21.49604,39.24492,2017-10-01,31.4,3.6,1835.5,128.6,5582.8,392.3,5562.0,355.0,85.1,3.0,1002.5,5.0,400.439,24827197.387
Jeddah - KAU,21.49604,39.24492,2017-11-01,29.2,3.3,1802.6,137.4,4521.0,358.9,4469.3,283.2,83.0,3.0,1005.0,5.0,425.335,26370786.704
Jeddah - KAU,21.49604,39.24492,2018-03-01,28.5,3.3,2259.9,201.3,5876.0,462.8,6348.6,413.4,50.1,3.0,1003.6,5.0,373.715,23170299.276
Jeddah - KAU,21.49604,39.24492,2018-04-01,29.7,3.7,2655.6,222.3,5662.2,505.9,6918.0,445.2,46.4,3.0,1001.4,5.0,375.072,23254474.272
Jeddah - KAU,21.49604,39.24492,2018-05-01,33.4,4.0,3077.0,249.3,5216.1,461.8,7145.1,480.7,40.2,3.0,999.3,5.0,371.386,23025910.318
Jeddah - KAU,21.49604,39.24492,2018-06-01,33.9,4.2,3198.7,286.0,4900.1,467.1,7049.4,486.3,46.2,3.0,997.1,5.0,380.012,23560754.049
Jeddah - KAU,21.49604,39.24492,2018-07-01,34.7,3.8,3023.7,223.1,4886.1,434.3,6883.0,457.3,44.2,3.0,997.2,5.0,364.954,22627129.823
Jeddah - KAU,21.49604,39.24492,2018-08-01,34.5,4.1,2592.3,202.7,5172.4,413.0,6584.6,452.5,50.0,3.0,997.4,5.0,384.979,23868717.584
Hada Al Sham - KAU,21.801170000000003,39.72854,2013-06-01,34.7,2.4,2502.5,255.0,6856.8,570.5,7746.7,521.3,21.5,3.0,978.0,4.9,231.112,14328960.279
Hada Al Sham - KAU,21.801170000000003,39.72854,2013-07-01,34.4,2.1,2999.9,264.7,5081.7,509.5,7041.5,638.1,36.5,3.0,975.9,4.9,220.211,13653064.93
Hada Al Sham - KAU,21.801170000000003,39.72854,2013-08-01,34.0,2.2,2835.1,215.2,4751.3,389.6,6555.0,423.5,39.3,3.0,977.9,4.9,256.758,15919003.414
Hada Al Sham - KAU,21.801170000000003,39.72854,2013-09-01,34.4,2.1,2558.1,206.5,4788.9,373.4,6167.9,418.7,38.3,3.0,979.3,4.9,259.518,16090126.222
Hada Al Sham - KAU,21.801170000000003,39.72854,2013-10-01,31.5,1.8,2073.2,206.9,5213.1,448.7,5612.6,433.1,43.9,3.0,983.0,4.9,251.484,15592017.414
Hada Al Sham - KAU,21.801170000000003,39.72854,2013-11-01,28.5,1.9,1402.6,128.4,5880.7,461.8,4846.5,303.8,46.6,3.0,984.5,4.9,314.473,19497300.56
Hada Al Sham - KAU,21.801170000000003,39.72854,2013-12-01,24.8,2.5,1594.1,141.6,4801.7,427.4,4240.1,276.5,45.9,3.0,988.0,5.0,406.809,25222165.349
Hada Al Sham - KAU,21.801170000000003,39.72854,2014-01-01,24.6,2.3,1747.6,153.6,4274.3,475.9,4187.6,353.6,52.9,3.0,987.1,4.9,395.656,24530674.679
Hada Al Sham - KAU,21.801170000000003,39.72854,2014-02-01,25.5,2.8,1893.0,161.2,5441.4,486.7,5368.4,358.9,45.8,3.0,985.3,4.9,383.715,23790299.781
Hada Al Sham - KAU,21.801170000000003,39.72854,2014-03-01,27.7,2.3,2279.8,194.7,5705.4,499.1,6331.7,431.6,42.2,3.0,984.0,4.9,297.876,18468324.25
Hada Al Sham - KAU,21.801170000000003,39.72854,2014-04-01,32.0,2.2,2981.2,235.4,4413.2,495.5,6359.2,456.4,34.6,3.0,982.7,4.9,271.423,16828214.742
Hada Al Sham - KAU,21.801170000000003,39.72854,2014-05-01,33.0,2.2,2775.1,215.4,5777.2,473.6,7232.2,467.7,33.5,3.0,981.1,4.9,230.8,14309616.282
Hada Al Sham - KAU,21.801170000000003,39.72854,2014-06-01,35.2,2.4,2911.9,239.7,5918.6,524.3,7533.7,477.9,27.6,3.0,978.5,4.9,237.934,14751931.013
Hada Al Sham - KAU,21.801170000000003,39.72854,2014-07-01,35.4,2.3,2769.2,330.2,5858.7,539.6,7330.9,704.8,26.3,3.0,978.7,4.9,232.744,14430155.972
Hada Al Sham - KAU,21.801170000000003,39.72854,2014-08-01,35.4,2.2,2579.5,198.8,5431.7,485.1,6785.6,454.0,34.1,3.0,977.7,4.9,242.475,15033470.352
Hada Al Sham - KAU,21.801170000000003,39.72854,2014-09-01,34.1,2.1,2532.9,207.3,4971.3,381.1,6228.6,385.9,41.0,3.0,980.0,4.9,257.725,15978965.987
Hada Al Sham - KAU,21.801170000000003,39.72854,2014-10-01,31.3,1.8,1809.6,142.3,5952.8,410.5,5766.5,361.6,48.7,3.0,983.9,4.9,244.031,15129913.1
Hada Al Sham - KAU,21.801170000000003,39.72854,2014-11-01,27.4,1.9,1433.7,127.9,5594.8,478.6,4695.9,326.6,50.1,3.0,986.1,4.9,325.402,20174950.982
Hada Al Sham - KAU,21.801170000000003,39.72854,2014-12-01,26.3,1.9,1470.9,108.0,5302.6,374.0,4392.5,272.4,54.0,3.0,987.8,4.9,343.931,21323733.698
Hada Al Sham - KAU,21.801170000000003,39.72854,2015-01-01,23.7,2.4,1506.3,133.4,5867.2,483.0,4791.9,316.5,48.6,3.0,989.3,5.0,381.847,23674543.554
Hada Al Sham - KAU,21.801170000000003,39.72854,2015-02-01,25.6,2.2,1961.6,161.6,5490.4,417.5,5451.8,351.0,52.7,3.0,986.0,4.9,330.412,20485532.221
Hada Al Sham - KAU,21.801170000000003,39.72854,2015-03-01,28.4,2.0,2703.9,198.8,4439.4,367.8,5906.6,391.3,50.2,3.0,984.3,4.9,276.753,17158655.968
Hada Al Sham - KAU,21.801170000000003,39.72854,2015-04-01,29.8,2.4,3544.9,282.8,3836.5,407.5,6563.3,441.7,39.6,3.0,983.8,4.9,293.028,18167761.423
Hada Al Sham - KAU,21.801170000000003,39.72854,2015-05-01,34.2,2.1,3192.9,237.1,4851.0,408.9,7013.3,436.8,34.0,3.0,981.1,4.9,222.105,13770515.886
Hada Al Sham - KAU,21.801170000000003,39.72854,2015-06-01,34.3,2.3,3165.3,273.8,5668.2,593.2,7491.8,481.3,29.1,3.0,979.2,4.9,229.575,14233629.699
Hada Al Sham - KAU,21.801170000000003,39.72854,2015-07-01,34.9,2.1,2906.6,252.4,5923.6,496.6,7464.9,457.5,23.6,3.0,978.3,4.9,199.596,12374960.746
Hada Al Sham - KAU,21.801170000000003,39.72854,2015-08-01,36.8,2.3,3307.4,245.8,3860.0,387.2,6419.2,425.2,38.2,3.0,977.7,4.9,265.82,16480868.673
Hada Al Sham - KAU,21.801170000000003,39.72854,2015-09-01,35.3,1.9,2835.8,206.1,4565.5,340.0,6314.7,394.0,43.1,3.0,980.2,4.9,220.19,13651769.786
Hada Al Sham - KAU,21.801170000000003,39.72854,2015-10-01,32.9,1.9,2194.8,163.8,4891.5,412.7,5516.7,361.0,44.1,3.0,983.7,4.9,267.381,16577649.333
Hada Al Sham - KAU,21.801170000000003,39.72854,2015-11-01,28.4,1.9,1594.8,128.4,5248.8,452.5,4696.1,318.1,54.9,3.0,985.1,4.9,322.265,19980423.911
Hada Al Sham - KAU,21.801170000000003,39.72854,2015-12-01,24.1,3.0,1746.5,141.6,3427.0,450.6,3618.6,280.5,52.2,3.0,989.0,5.0,455.283,28227542.303
Hada Al Sham - KAU,21.801170000000003,39.72854,2016-01-01,23.3,2.2,1983.1,159.5,3970.5,441.5,4255.7,315.5,56.5,3.0,988.8,5.0,388.977,24116588.447
Hada Al Sham - KAU,21.801170000000003,39.72854,2016-02-01,25.9,2.7,1912.0,168.9,5289.8,521.7,5279.0,367.8,45.2,3.0,987.6,4.9,378.882,23490708.375
Hada Al Sham - KAU,21.801170000000003,39.72854,2016-03-01,29.1,2.1,2554.0,191.1,4908.0,427.4,6068.4,407.4,45.8,3.0,983.8,4.9,280.571,17395424.172
Hada Al Sham - KAU,21.801170000000003,39.72854,2016-04-01,30.7,2.4,2396.0,202.6,5724.7,543.9,6687.3,461.8,42.8,3.0,982.5,4.9,285.332,17690562.17
Hada Al Sham - KAU,21.801170000000003,39.72854,2016-05-01,33.7,1.9,2630.8,190.3,6188.8,448.1,7445.9,453.1,38.8,3.0,981.3,4.9,168.938,10474167.462
Hada Al Sham - KAU,21.801170000000003,39.72854,2016-06-01,36.0,2.1,3014.8,240.5,5731.1,476.1,7498.2,469.5,27.7,3.0,978.6,4.9,194.657,12068763.076
Hada Al Sham - KAU,21.801170000000003,39.72854,2016-07-01,35.3,2.3,3020.7,247.3,5075.1,490.7,6974.6,449.8,33.2,3.0,977.5,4.9,247.695,15357077.257
Hada Al Sham - KAU,21.801170000000003,39.72854,2016-08-01,34.9,2.1,2016.4355555555558,210.94825396825382,6120.162539682542,584.3730158730162,6517.7,427.7,45.6,3.0,978.4,4.9,242.215,15017342.219
Hada Al Sham - KAU,21.801170000000003,39.72854,2016-09-01,34.3,1.9,2710.9,220.1,4500.6,409.4,6098.9,414.9,49.1,3.0,979.7,4.9,234.049,14511062.058
Hada Al Sham - KAU,21.801170000000003,39.72854,2016-10-01,31.7,1.5,1903.1,129.2,5639.2,377.9,5723.7,351.1,50.2,3.0,983.2,4.9,184.935,11465950.274
Hada Al Sham - KAU,21.801170000000003,39.72854,2016-11-01,28.8,1.7,1627.3,124.9,5295.1,444.4,4795.6,313.0,49.7,3.0,986.2,4.9,288.008,17856492.203
Hada Al Sham - KAU,21.801170000000003,39.72854,2016-12-01,25.5,1.6,1636.1,149.4,4512.5,575.1,4134.9,428.7,61.5,3.0,988.2,4.9,320.688,19882643.147
Hada Al Sham - KAU,21.801170000000003,39.72854,2017-01-01,24.6,1.7,1576.4,430.8,4993.9,1137.8,4408.1,896.9,61.0,3.0,987.8,4.9,322.682,20006268.354
Hada Al Sham - KAU,21.801170000000003,39.72854,2017-02-01,24.0,2.8,2232.5,550.8,2989.1,1470.1,4151.0,1098.9,46.8,3.0,987.3,4.9,429.488,26628279.414
Hada Al Sham - KAU,21.801170000000003,39.72854,2017-03-01,26.9,2.0,2605.2,732.0,3849.1,1214.4,5374.8,1222.8,50.7,3.0,983.8,4.9,306.569,19007248.974
Hada Al Sham - KAU,21.801170000000003,39.72854,2017-04-01,31.7,2.1,2869.7,680.1,3937.6,1132.0,5999.1,1240.9,38.0,3.0,982.8,4.9,275.558,17084581.691
Hada Al Sham - KAU,21.801170000000003,39.72854,2017-05-01,34.6,2.1,2984.3,725.1,4711.6,1147.7,6750.0,1364.6,33.4,3.0,981.4,4.9,232.701,14427473.516
Hada Al Sham - KAU,21.801170000000003,39.72854,2017-06-01,35.2,2.0,2732.3,232.2,5928.5,490.1,7303.9,463.0,34.0,3.0,977.8,4.9,189.47,11747149.654
Hada Al Sham - KAU,21.801170000000003,39.72854,2017-09-01,35.3,2.3,2651.4,230.1,4646.0,402.4,6183.4,526.0,43.3,3.0,979.9,4.9,280.199,17372339.479
Hada Al Sham - KAU,21.801170000000003,39.72854,2017-10-01,31.6,1.7,1732.9,118.3,6069.7,413.0,5780.6,360.6,49.6,3.0,983.2,4.9,224.503,13919163.3
Hada Al Sham - KAU,21.801170000000003,39.72854,2017-11-01,28.4,1.7,1667.8,136.0,4858.2,386.6,4581.6,299.7,57.2,3.0,985.6,4.9,301.153,18671515.523
Hada Al Sham - KAU,21.801170000000003,39.72854,2018-03-01,28.2,2.0,2220.1,185.1,6090.5,481.7,6510.6,424.5,38.4,3.0,984.3,4.9,248.842,15428225.285
Hada Al Sham - KAU,21.801170000000003,39.72854,2018-04-01,29.6,2.1,2751.0,230.5,5662.1,503.9,7066.7,466.4,35.2,3.0,982.2,4.9,234.089,14513535.032
Hada Al Sham - KAU,21.801170000000003,39.72854,2018-05-01,33.9,2.5,3206.6,261.2,5161.2,456.5,7265.9,462.6,28.4,3.0,980.4,4.9,263.986,16367138.297
Hada Al Sham - KAU,21.801170000000003,39.72854,2018-06-01,35.1,2.4,3182.3,271.3,5201.8,502.4,7274.0,473.1,30.0,3.0,978.2,4.9,248.472,15405241.141
Hada Al Sham - KAU,21.801170000000003,39.72854,2018-07-01,34.5,2.2,2989.0,227.7,5476.0,530.9,7251.2,537.3,30.4,3.0,978.4,4.9,225.293,13968156.089
Hada Al Sham - KAU,21.801170000000003,39.72854,2018-08-01,34.5,2.4,2558.4,188.2,5718.3,449.8,6941.3,448.7,35.0,3.0,978.6,4.9,263.447,16333697.051
Osfan - KAU,21.89252,39.2539,2013-10-01,30.3,2.6,2067.5,201.4,5202.1,461.8,5548.7,425.1,61.1,3.0,996.2,5.0,348.214,21589272.15
Osfan - KAU,21.89252,39.2539,2013-11-01,28.5,2.9,1455.2,117.1,5757.1,443.9,4771.3,297.0,51.4,3.0,997.8,5.0,400.034,24802089.434
Osfan - KAU,21.89252,39.2539,2013-12-01,24.8,3.5,1550.1,123.3,5025.2,400.1,4285.3,279.5,51.0,3.0,1001.4,5.0,451.377,27985350.968
Osfan - KAU,21.89252,39.2539,2014-01-01,24.7,3.2,1815.9,147.2,4137.2,470.5,4113.3,293.9,54.9,3.0,1000.5,5.0,445.922,27647180.469
Osfan - KAU,21.89252,39.2539,2014-02-01,25.3,3.6,1986.1,174.1,5427.7,451.2,5393.1,383.4,51.8,3.0,998.9,5.0,423.95,26284903.727
Osfan - KAU,21.89252,39.2539,2014-03-01,27.0,3.4,2390.9,193.5,5492.7,454.9,6233.0,472.7,52.2,3.0,997.6,5.0,386.965,23991828.465
Osfan - KAU,21.89252,39.2539,2014-04-01,30.7,3.4,2963.3,236.9,4369.6,437.8,6277.4,442.5,45.8,3.0,996.1,5.0,374.159,23197857.191
Osfan - KAU,21.89252,39.2539,2014-05-01,31.3,3.3,2751.1,241.8,5735.8,487.7,7149.1,450.7,47.8,3.0,994.6,4.9,342.037,21206263.629
Osfan - KAU,21.89252,39.2539,2014-06-01,32.9,3.5,2788.7,228.6,5974.5,530.4,7422.9,464.2,48.0,3.0,991.9,4.9,341.338,21162943.505
Osfan - KAU,21.89252,39.2539,2014-07-01,34.3,3.1,2674.4,220.7,5858.9,455.8,7229.5,487.0,44.6,3.0,992.0,5.0,316.997,19653792.112
Osfan - KAU,21.89252,39.2539,2014-08-01,34.4,3.1,2588.7,199.4,5530.8,466.0,6844.5,439.8,50.6,3.0,990.9,5.0,328.419,20361966.671
Osfan - KAU,21.89252,39.2539,2014-09-01,32.1,3.1,2578.6,201.5,4871.5,377.2,6182.1,382.6,61.2,3.0,993.5,5.0,355.802,22059751.391
Osfan - KAU,21.89252,39.2539,2014-10-01,30.2,2.7,1793.3,170.1,5903.9,437.6,5661.6,441.6,64.8,3.0,997.5,5.0,352.044,21826747.931
Osfan - KAU,21.89252,39.2539,2014-11-01,27.6,2.9,1475.6,124.2,5596.9,459.4,4704.4,323.8,53.7,3.0,999.4,5.0,405.028,25111754.19
Osfan - KAU,21.89252,39.2539,2014-12-01,26.8,2.9,1554.3,115.0,5064.5,362.0,4303.6,268.3,58.6,3.0,1001.2,5.0,420.589,26076542.798
Osfan - KAU,21.89252,39.2539,2015-01-01,23.6,3.6,1626.2,133.0,5504.6,458.1,4690.8,308.1,54.7,3.0,1003.0,5.0,447.7,27757412.09
Osfan - KAU,21.89252,39.2539,2015-02-01,25.2,3.3,2003.5,156.9,5446.4,455.7,5430.1,368.5,61.6,3.0,999.7,5.0,410.335,25440769.463
Osfan - KAU,21.89252,39.2539,2015-03-01,27.5,3.3,2676.5,201.2,4561.6,387.0,5946.6,390.9,59.5,3.0,998.1,5.0,388.353,24077859.623
Osfan - KAU,21.89252,39.2539,2015-04-01,28.1,3.8,3482.9,277.9,4024.7,440.4,6608.3,425.5,51.6,3.0,997.5,5.0,392.426,24330433.399
Osfan - KAU,21.89252,39.2539,2015-05-01,32.4,3.2,3226.5,238.5,4869.5,443.0,7006.7,438.6,48.1,3.0,994.7,5.0,336.404,20857050.258
Osfan - KAU,21.89252,39.2539,2015-06-01,32.4,3.3,3165.4,285.4,5628.0,570.2,7471.7,470.5,47.9,3.0,993.1,5.0,329.359,20420266.981
Osfan - KAU,21.89252,39.2539,2015-07-01,34.2,3.4,2720.0,212.4,6155.6,507.3,7478.9,451.8,41.6,3.0,991.9,5.0,329.822,20448943.72
Osfan - KAU,21.89252,39.2539,2015-08-01,35.6,3.0,3258.7,242.8,4170.3,375.1,6581.4,419.2,54.2,3.0,991.1,5.0,325.998,20211895.4
Osfan - KAU,21.89252,39.2539,2015-09-01,33.9,2.6,2822.2,201.7,4544.8,326.8,6212.6,376.6,60.1,3.0,993.8,5.0,312.827,19395295.105
Osfan - KAU,21.89252,39.2539,2015-10-01,32.4,2.9,2166.2,158.6,4965.9,364.6,5512.2,349.2,57.2,3.0,997.2,5.0,363.696,22549138.992
Osfan - KAU,21.89252,39.2539,2015-11-01,28.5,3.2,1664.6,144.0,5231.8,445.8,4694.4,304.6,61.6,3.0,998.8,5.0,416.879,25846486.555
Osfan - KAU,21.89252,39.2539,2015-12-01,24.4,3.7,1808.1,139.8,3726.8,414.7,3809.7,280.3,56.2,3.0,1003.0,5.0,471.027,29203663.567
Osfan - KAU,21.89252,39.2539,2016-01-01,23.4,3.7,1994.0,149.1,4107.6,401.4,4306.9,303.1,59.3,3.0,1002.9,5.0,461.457,28610342.376
Osfan - KAU,21.89252,39.2539,2016-02-01,25.5,3.8,1917.2,161.5,5463.7,514.6,5352.0,361.9,52.3,3.0,1001.6,5.0,431.797,26771392.015
Osfan - KAU,21.89252,39.2539,2016-03-01,28.0,3.7,2590.3,217.5,4831.5,471.2,5972.8,403.8,58.9,3.0,997.7,5.0,404.527,25080685.328
Osfan - KAU,21.89252,39.2539,2016-04-01,31.1,3.3,2416.8,221.6,6217.9,520.4,6987.0,442.3,46.9,3.0,996.1,5.0,347.303,21532813.509
Osfan - KAU,21.89252,39.2539,2016-05-01,32.5,3.4,2479.8,182.6,6559.5,462.2,7530.2,450.2,52.2,3.0,995.2,5.0,333.713,20690199.693
Osfan - KAU,21.89252,39.2539,2016-06-01,34.4,3.0,2942.3,277.7,5657.0,460.1,7368.4,451.6,48.4,3.0,992.2,5.0,304.964,18907755.166
Osfan - KAU,21.89252,39.2539,2016-07-01,34.7,3.6,2917.6,248.7,5171.8,497.1,6923.7,463.6,49.3,3.0,991.0,5.0,354.377,21971383.353
Osfan - KAU,21.89252,39.2539,2016-08-01,33.8,3.1,2842.5,217.2,4541.4,394.1,6418.1,407.0,61.6,3.0,992.0,5.0,343.292,21284115.438
Osfan - KAU,21.89252,39.2539,2016-09-01,32.8,2.8,2651.5,253.6,4528.1,477.3,6071.6,517.3,69.0,3.0,993.4,4.9,337.153,20903478.494
Osfan - KAU,21.89252,39.2539,2016-10-01,31.1,2.2,2000.9,134.7,5253.3,342.0,5525.2,343.3,68.4,3.0,996.9,5.0,310.058,19223570.118
Osfan - KAU,21.89252,39.2539,2016-11-01,28.9,2.6,1777.8,148.0,4878.0,383.1,4648.7,296.6,59.8,3.0,1000.0,5.0,385.3,23888626.861
Osfan - KAU,21.89252,39.2539,2016-12-01,25.5,3.0,1722.5,163.6,4382.1,561.6,4098.4,419.4,69.1,3.0,1002.2,5.0,435.792,27019127.024
Osfan - KAU,21.89252,39.2539,2017-01-01,24.4,2.9,1567.1,390.4,4919.9,1124.3,4327.0,884.2,71.7,3.0,1001.7,5.0,427.333,26494657.186
Osfan - KAU,21.89252,39.2539,2017-02-01,23.8,3.9,2375.4,571.5,3136.0,1436.5,4364.7,1110.3,54.7,3.0,1001.3,5.0,464.446,28795659.685
Osfan - KAU,21.89252,39.2539,2017-03-01,25.9,3.6,2671.2,761.4,4086.5,1285.7,5568.6,1247.8,64.0,3.0,997.8,5.0,417.467,25882964.364
Osfan - KAU,21.89252,39.2539,2017-04-01,30.2,3.8,2994.4,690.9,4025.6,1243.3,6123.2,1277.3,53.4,3.0,996.6,5.0,397.921,24671082.398
Osfan - KAU,21.89252,39.2539,2017-05-01,32.7,3.6,2983.5,716.5,4517.1,1189.6,6547.2,1369.3,49.6,3.0,995.2,5.0,370.514,22971886.84
Osfan - KAU,21.89252,39.2539,2017-06-01,27.299050632911385,1.9853585980084354,2016.4355555555558,210.94825396825382,6120.162539682542,584.3730158730162,6101.853724247233,535.5805071315365,48.52832278481013,3.0017405063291136,985.0721518987332,4.9332278481012635,268.845,16668401.988
Osfan - KAU,21.89252,39.2539,2017-10-01,30.6,2.7,1764.7,117.5,5868.9,393.1,5653.9,349.7,72.4,3.0,996.7,5.0,351.063,21765890.83
Osfan - KAU,21.89252,39.2539,2017-11-01,28.1,3.0,1781.3,132.6,4614.5,357.4,4491.7,290.0,69.8,3.0,999.3,5.0,415.273,25746934.164
Osfan - KAU,21.89252,39.2539,2018-03-01,28.2,3.2,2231.4,213.3,6115.0,483.7,6460.5,415.4,49.9,3.0,997.8,5.0,365.668,22671416.027
Osfan - KAU,21.89252,39.2539,2018-04-01,29.4,3.2,2679.4,225.5,5946.1,540.2,7129.6,476.0,46.2,3.0,995.7,5.0,342.158,21213785.357
Osfan - KAU,21.89252,39.2539,2018-05-01,33.3,3.7,3148.5,255.3,5293.3,495.4,7282.0,466.3,39.5,3.0,993.8,5.0,354.517,21980064.75
Osfan - KAU,21.89252,39.2539,2018-06-01,33.9,3.3,3114.1,245.7,5273.3,532.0,7254.0,468.8,46.5,3.0,991.6,5.0,330.901,20515872.995
Osfan - KAU,21.89252,39.2539,2018-07-01,34.7,3.0,2931.9,224.3,5391.5,504.9,7178.2,520.5,44.5,3.0,991.7,5.0,310.016,19220999.558
Osfan - KAU,21.89252,39.2539,2018-08-01,34.5,3.2,2527.4,203.6,5710.6,463.8,6917.8,440.1,51.0,3.0,992.0,5.0,332.461,20612589.87
